config,run,doc_key,doc_type,question,ground_truth,answer,kw_v2,category,difficulty,n_retrieved,retrieval_time,generation_time,total_time,timeout
V0_hwp5txt,0,doc_A,text_only,본 사업의 사업명은 무엇인가?,수협중앙회 수산물 사이버직매장 재구축 ISMP수립 용역,수협중앙회 수산물 사이버직매장 재구축 ISMP수립 용역,1.0,general,easy,15,4.686174154281616,6.070609092712402,10.756783246994019,False
V0_hwp5txt,0,doc_A,text_only,사업기간은 어떻게 되는가?,계약일로부터 4월(120일),□ 사업기간 : 계약일로부터 4월(120일) * 사업기간은 협의에 의해 조정할 수 있음,1.0,schedule,easy,15,0.9843385219573975,7.706669330596924,8.691007852554321,False
V0_hwp5txt,0,doc_A,text_only,사업예산은 얼마인가?,300백만원(V.A.T. 포함),□ 사업예산 : 300백만원(V.A.T. 포함),1.0,budget,easy,15,1.1221556663513184,3.2420084476470947,4.364164113998413,False
V0_hwp5txt,0,doc_A,text_only,입찰방식 및 계약방법은 무엇인가?,제한경쟁입찰(협상에 의한 계약),제한경쟁입찰(협상에 의한 계약),1.0,procurement,easy,15,1.71364164352417,8.766591787338257,10.480233430862427,False
V0_hwp5txt,0,doc_A,text_only,現 수산물 사이버직매장 시스템의 주요 문제점은 무엇인가?,"시스템 노후화(2015년 구축)로 인한 장애위험 증가 및 유지관리 한계, 보안정책 과다 적용 및 스위치 대역폭 부족, SSF(회계) 및 수협은행 등 내부 시스템 간 미연동에 따른 불필요한 행정업무 과다 발생","- ""現 시스템 노후화(2015년 구축)로 인한 장애위험 증가 및 유지관리 한계""
  - H/W(Server, Storage, 네트워크 장비 등), SW(OS, DBMS등)의 내용연수 경과 및 EOS(End Of Service) 상태

- ""신용(금융)사업 네트워크 환경을 공유함으로써 발생하는 보안정책 과다 적용 및 스위치 대역폭* 부족 문제""
  - * 스위치 대역폭은 1GB이며, 실가능 대역폭은 300MB 수준

- ""SSF(회계) 및 수협은행 등 내부 시스템 간 미연동에 따른 불필요한 행정업무 과다 발생""

- 플랫폼 사용자 측면의 문제점
  - ""(소비자) 최신 디지털 기술을 앞세운 온라인 유통 플랫폼의 등장으로 더욱 편하고 빠른 온라인 쇼핑 환경에 대한 기대치 상승""
  - ""(운영자) 이용자 확대에 따른 서비스 운영방식 개선 등 수요자의 요구에 신속한 대응을 위한 업무 프로세스 재설계 필요""
    - ""B2C, B2B 각 채널의 분절적 운영으로 단순·반복 업무 과다발생""
    - ""Sh인스토어, 기프트몰, 임직원복지몰 등 채널별 경쟁력 확보를 위한 운영방식 및 업무 프로세스 재검토 필요""
    - ""다양한 디지털 마케팅 기술 활용 불가로 고객 증대 및 유지 한계""
  - ""(판매자) 플랫폼 입점부터 상품 마케팅·판매·정산이 용이한 이커머스플랫폼에 대한 선호도 증가""
    - ""산재적으로 개별 운영하는 회원조합 온라인몰에 대한 통합 방안 필요""",0.9166666666666666,technical,medium,15,1.0469679832458496,15.947593688964844,16.994561672210693,False
V0_hwp5txt,0,doc_A,text_only,기존 수산물 사이버직매장 총 사업비와 추진 단계는 어떻게 되었는가?,"총 사업비 2,996백만원(자담 50%, 국고보조 50%), 1단계('14.6월~'15.5월)와 2단계('15.6월~'15.12월)로 추진","총 사업비 : 2,996백만원(자담 50%, 국고보조 50%)
추진 단계(사업기간) : 1단계(‘14. 6월 ~ ‘15. 5월), 2단계(‘15. 6월 ~ ‘15. 12월)",0.625,budget,medium,15,1.075136661529541,12.719629764556885,13.794766426086426,False
V0_hwp5txt,0,doc_B,table_simple,국가교육과정정보센터(NCIC) 시스템 운영 및 개선 사업의 사업기간은?,계약체결일 ~ 2024.11.15.(금),사업기간 : 계약체결일 ~ 2024. 11. 15.(금),0.5,schedule,easy,15,0.9595983028411865,4.154774188995361,5.114372491836548,False
V0_hwp5txt,0,doc_B,table_simple,NCIC 사업의 사업금액은 얼마인가?,"50,000,000원 (VAT 포함)",20억원 미만,0.0,budget,easy,15,0.7648870944976807,7.110899209976196,7.875786304473877,False
V0_hwp5txt,0,doc_B,table_simple,NCIC 사업에서 고도화 내용으로 요구하는 항목들은 무엇인가?,"국가교육과정 관련 정보의 표준화 및 체계화, 사용자 편의성(UI/UX)를 고려한 웹사이트 전면 개편, 설문조사 시스템의 장기적 활용을 위한 데이터 누적관리 체계 구축, 사용자 로그인 및 관리 기능 신규 개발, 접속자 통계 기록 및 데이터 추출 기능 신규 개발","고도화 내용
1 현재 탑재되어 있는 국가교육과정 관련 정보의 표준화 및 체계화
2 사용자 편의성(UI/UX)를 고려한 웹사이트 전면 개편
3 현행 설문조사 시스템의 장기적 활용을 위한 데이터 누적관리 체계 구축
4 사용자 로그인 및 관리 기능 신규 개발
5 국가교육과정정보센터 접속자 통계 기록 및 데이터 추출 기능 신규 개발",0.8823529411764706,technical,medium,15,0.7352402210235596,7.5355894565582275,8.270829677581787,False
V0_hwp5txt,0,doc_B,table_simple,NCIC 사업의 유지보수 내용은 무엇인가?,"웹사이트 운영 상 장애가 발생하지 않도록 점검 및 유지보수(WEB, WAS, DB 등), 사용자 요청에 따라 웹페이지 수정(게시판 추가, 배너 수정 등)","유지보수 내용
 1 웹사이트 운영 상 장애가 발생하지 않도록 점검 및 유지보수(WEB, WAS, DB 등)
 2 사용자 요청에 따라 웹페이지 수정(게시판 추가, 배너 수정 등)",0.9473684210526315,technical,medium,15,0.67753005027771,5.440666437149048,6.118196487426758,False
V0_hwp5txt,0,doc_B,table_simple,NCIC 사업의 추진 목표는 무엇인가?,국가교육과정 환경에 적합한 최신 기술을 도입하여 데이터를 체계적으로 관리하고 시스템의 안정적 확산을 위한 기반 마련,추진 목표: 국가교육과정 환경에 적합한 최신 기술을 도입하여 데이터를 체계적으로 관리하고 시스템의 안정적 확산을 위한 기반 마련,1.0,general,easy,15,0.7179102897644043,5.13520359992981,5.853113889694214,False
V0_hwp5txt,0,doc_B,table_simple,NCIC 사업의 관련 법규는 무엇인가?,국가를 당사자로 하는 계약에 관한 법률 시행령 제43조 및 제43조의 2,"문맥에 근거한 관련 법규 및 지침(문서에 명시된 표현 그대로):

- 「소프트웨어 진흥법」  
- 「국가를 당사자로 하는 계약에 관한 법률」 및 동 시행령·동 시행규칙  
- 「개인정보보호법」  
- 「공공기관의 정보공개에 관한 법률」  
- 「소프트웨어사업 계약 및 관리감독에 관한 지침」  
- 「국가종합전자조달시스템입찰참가자격등록규정」  
- 중소기업청고시 ‘중소기업자간 경쟁제품 직접생산확인기준’  
- 협상에 의한 계약체결기준  
- 보안업무규정",0.7777777777777778,compliance,hard,15,0.6629376411437988,19.97115659713745,20.63409423828125,False
V0_hwp5txt,0,doc_C,table_complex,차세대 응급의료 상황관리시스템 구축 사업의 사업예산은 얼마인가?,"금일십사억원정(￦1,400,000,000원, VAT 포함)","다. 사업예산 : 금일십사억원정 (₩1,400,000,000원, VAT포함)",0.5,budget,easy,15,1.38706374168396,6.039414167404175,7.426477909088135,False
V0_hwp5txt,0,doc_C,table_complex,차세대 응급의료 상황관리시스템의 사업기간은?,계약일로부터 2024년 12월 31일까지,나. 사업기간 : 계약일로부터 2024년 12월 31일까지,1.0,schedule,easy,15,0.9288508892059326,7.4503092765808105,8.379160165786743,False
V0_hwp5txt,0,doc_C,table_complex,응급의료 상황관리시스템 구축의 추진배경에서 전원(병원간 이송) 관련 문제점은?,"중증응급환자의 전원 수용병원 결정을 위해 수차례의 수용 요청이 필요하며 평균 9.3개의 의료기관에 전원의뢰, 지역응급의료기관 등 당직의사 1명인 곳에서는 전원 섭외 중 환자 진료가 불가능하고 섭외 시간만큼 환자 치료가 지연","추진배경에서 전원(병원간 이송) 관련 문제점은 다음과 같다.

- 응급실 뺑뺑이 사건 등 병원 전 단계에서 치료 가능한 응급실 섭외 지연 문제 발생  
- 나. 병원간 이송(이하 “전원”)이 현 응급의료에서 가장 취약한 영역  
  - 응급실로 내원 중증환자(KTAS 1,2)의 13.5%(‘22년 기준)가 전원을 하고 있는 실정  
  - 중증응급환자의 전원 수용병원 결정을 위해 수차례의 수용 요청이 필요(‘22년 중앙응급의료상황실 자료에 따르면 평균 9.3개의 의료기관에 전원의뢰)  
  - 지역응급의료기관 등 당직의사가 1명에 불과한 곳에서는 전원 섭외 중 환자 진료가 불가능하고 섭외 시간만큼 환자 치료가 지연  
- 다. ‘12년 응급상담의 119 이전 이후, 소방 구급상황관리센터에서 전원 업무 수행중하나, 일선에서는 비 작동  
  - 비 의료조직인 소방에 의한 전원 조정에 대한 응급의료기관의 정서적 거부감  
  - 잦은 인사이동으로 인한 소방의 전문성 결여",0.8888888888888888,technical,medium,15,0.9727458953857422,19.416947603225708,20.38969349861145,False
V0_hwp5txt,0,doc_C,table_complex,응급의료 상황관리시스템의 예산코드는 무엇인가?,29. 중앙응급의료센터 운영지원-관리운영비-외주용역비-광역상황실,29. 중앙응급의료센터 운영지원-관리운영비-외주용역비-광역상황실,1.0,budget,hard,15,0.7665693759918213,4.735336542129517,5.501905918121338,False
V0_hwp5txt,0,doc_C,table_complex,기존 응급의료 상황관리시스템은 언제 최초 구축되었는가?,'18년에 재난응급의료상황 접수시스템으로 최초 구축,※ ‘18년 재난응급의료상황 접수시스템 최초 구축,0.6,schedule,medium,15,0.8379888534545898,5.968785762786865,6.806774616241455,False
V0_hwp5txt,0,doc_C,table_complex,응급의료 시스템 구축에서 광역상황실 설치 결정의 근거는?,제4차 응급의료기본계획('23.3)과 응급의료긴급대책 당정협의('23.5),제4차 응급의료기본계획(‘23.3)과 응급의료긴급대책 당정협의(‘23.5)에 따라,0.5,compliance,hard,15,0.8405320644378662,6.8453686237335205,7.685900688171387,False
V0_hwp5txt,0,doc_D,mixed,예약발매시스템 개량 ISMP 용역의 사업비는 얼마인가?,470백만원 (VAT 포함),사 업 비 : 470백만원 (VAT포함),1.0,budget,easy,15,1.034522294998169,3.4209046363830566,4.455426931381226,False
V0_hwp5txt,0,doc_D,mixed,예약발매시스템 ISMP 사업기간은?,체결일로부터 5개월 이내,체결일로부터 5개월 이내,1.0,schedule,easy,15,0.9447553157806396,5.740192413330078,6.684947729110718,False
V0_hwp5txt,0,doc_D,mixed,예약발매시스템 개량의 추진배경은?,"'15년 시스템 개선 후 '17년과 '20년에 하드웨어만 개량하여 노후화와 운용 효율 저하, IT운영센터 신축 및 SR 시스템 분리, MaaS·AI·빅데이터 등 산업 동향 대응 예약발매 플랫폼 전략 부재","나. 추진배경 및 필요성

1. (배경) 1 ’15년 시스템 개선 후 ’17년, ’20년에 하드웨어만 개량하여 노후화와 운용 효율 저하 2 IT운영센터 신축, SR 시스템 분리 3 MaaS·AI·빅데이터 등 산업 동향 대응 예약발매 플랫폼 전략 부재 4 「제4차 철도산업발전 기본계획」 고시(디지털 플랫폼 강화)",0.8076923076923077,technical,medium,15,0.8958268165588379,14.361970663070679,15.257797479629517,False
V0_hwp5txt,0,doc_D,mixed,예약발매시스템 ISMP의 제안서 평가방법은 어떤 장에서 다루고 있는가?,7장 제안안내사항의 나. 제안서 평가 방법(48페이지)과 다. 제안서 평가 기준(50페이지),나. 제안서 평가 방법,0.5,evaluation,medium,15,0.8526301383972168,5.288999557495117,6.141629695892334,False
V0_hwp5txt,0,doc_D,mixed,예약발매시스템 ISMP에서 하자담보 책임기간은 어디에 규정되어 있는가?,9장 기타 사항의 가. 하자담보 책임기간(72페이지),"가. 하자담보 책임기간

1. 하자담보 책임기간은 계약사업자는 본 사업이 종료한 날(사업에 대한 시험 및 검사를 수행하여 최종산출물을 인도한 날을 말함)로부터 1년으로 한다.",0.3333333333333333,maintenance,hard,15,0.9097878932952881,8.360141277313232,9.26992917060852,False
V0_hwp5txt,0,doc_D,mixed,예약발매시스템의 보안 준수사항에서 다루는 세부 항목은?,"공통사항, 용역사업 참여인원에 대한 보안관리, 자료에 대한 보안관리, 용역수행 관련 장비에 대한 보안관리, 내·외부망 접근에 대한 보안관리, 보안특약 조항","내·외부 접근 사이버 침해 방지, DB 이력 관리, 개인정보 유출 관리 등",0.0,security,hard,15,1.0394365787506104,11.622290849685669,12.66172742843628,False
V0_hwp5txt,0,doc_E,hwp_representative,스포츠윤리센터 LMS 기능개선 사업의 소요예산은?,"금 46,445,000원(부가가치세 포함)","금 46,445,000원(부가가치세 포함)",1.0,budget,easy,15,0.8512263298034668,4.377495288848877,5.228721618652344,False
V0_hwp5txt,0,doc_E,hwp_representative,스포츠윤리센터 LMS 사업기간은?,계약 후 150일,계약 후 150일,1.0,schedule,easy,15,0.7829787731170654,3.556851625442505,4.33983039855957,False
V0_hwp5txt,0,doc_E,hwp_representative,스포츠윤리센터 LMS 기능개선의 추진배경 및 필요성은?,"학습자의 흥미도를 고려한 상호작용 형태의 교육콘텐츠 구현 필요, 현장교육 확대에 따라 자동화 강사파견 시스템 개발, 교육등록 체계·통계 등 현행 기능의 고도화 필요, 학습자 편의성·접근성 향상을 위한 LMS 기능개선","□ 학습자의 흥미도를 고려한 상호작용 형태의 교육콘텐츠 구현 필요
□ 현장교육 확대에 따라 자동화 강사파견 시스템 개발
□ 교육등록 체계·통계 등 현행 기능의 고도화 필요
□ 학습자 편의성·접근성 향상을 위한 LMS(학습지원시스템) 기능개선",0.896551724137931,technical,medium,15,0.8262417316436768,9.860366821289062,10.68660855293274,False
V0_hwp5txt,0,doc_E,hwp_representative,스포츠윤리센터 LMS 사업의 수요기관과 담당부서는?,수요기관은 스포츠윤리센터이며 담당부서는 정책실 교육정책팀,"수요기관: 스포츠윤리센터
담당부서: 스포츠윤리센터 교육정책팀",0.2,general,easy,15,0.7821340560913086,5.3186564445495605,6.100790500640869,False
V0_hwp5txt,0,doc_E,hwp_representative,스포츠윤리센터 LMS 사업의 사업추진방식은?,제한경쟁입찰(협상에 의한 계약),□ 사업추진방식 : 제한경쟁입찰(협상에 의한 계약),1.0,procurement,medium,15,0.8430140018463135,5.0769572257995605,5.919971227645874,False
V0_hwp5txt,0,doc_E,hwp_representative,스포츠윤리센터 LMS 제안서 평가방식과 평가기준은 몇 장에서 다루는가?,Ⅶ장 제안서 평가방법에서 다루며 1. 제안서 평가방식(47p)과 2. 제안서 기술 평가 기준(47p)에 상세 기술,"스포츠윤리센터 LMS(학습지원시스템) 제안서 평가는 ""1. 제안서 평가방식""에서, 평가기준은 ""2. 제안서 기술평가 기준""에서 다룹니다.",0.5714285714285714,evaluation,hard,15,0.7478291988372803,11.421240091323853,12.169069290161133,False
V0_hwp5txt,1,doc_A,text_only,본 사업의 사업명은 무엇인가?,수협중앙회 수산물 사이버직매장 재구축 ISMP수립 용역,수협중앙회 수산물 사이버직매장 재구축 ISMP수립 용역,1.0,general,easy,15,1.006861686706543,7.373039960861206,8.379901647567749,False
V0_hwp5txt,1,doc_A,text_only,사업기간은 어떻게 되는가?,계약일로부터 4월(120일),□ 사업기간 : 계약일로부터 4월(120일) * 사업기간은 협의에 의해 조정할 수 있음,1.0,schedule,easy,15,1.0304694175720215,5.476266860961914,6.5067362785339355,False
V0_hwp5txt,1,doc_A,text_only,사업예산은 얼마인가?,300백만원(V.A.T. 포함),□ 사업예산 : 300백만원(V.A.T. 포함),1.0,budget,easy,15,1.1038954257965088,4.928325891494751,6.03222131729126,False
V0_hwp5txt,1,doc_A,text_only,입찰방식 및 계약방법은 무엇인가?,제한경쟁입찰(협상에 의한 계약),"입찰방식 및 계약방법은 ""제한경쟁입찰(협상에 의한 계약)""입니다.",1.0,procurement,easy,15,1.094395637512207,4.606842756271362,5.701238393783569,False
V0_hwp5txt,1,doc_A,text_only,現 수산물 사이버직매장 시스템의 주요 문제점은 무엇인가?,"시스템 노후화(2015년 구축)로 인한 장애위험 증가 및 유지관리 한계, 보안정책 과다 적용 및 스위치 대역폭 부족, SSF(회계) 및 수협은행 등 내부 시스템 간 미연동에 따른 불필요한 행정업무 과다 발생","정보시스템 측면
- 現 시스템 노후화(2015년 구축)로 인한 장애위험 증가 및 유지관리 한계
  * 수산물 사이버직매장 시스템을 구성하는 H/W(Server, Storage, 네트워크 장비 등), SW(OS, DBMS등)의 내용연수 경과 및 EOS(End Of Service) 상태
- 신용(금융)사업 네트워크 환경을 공유함으로써 발생하는 보안정책 과다 적용 및 스위치 대역폭* 부족 문제에 대한 개선 필요
  * 스위치 대역폭은 1GB이며, 실가능 대역폭은 300MB 수준
- SSF(회계) 및 수협은행 등 내부 시스템 간 미연동에 따른 불필요한 행정업무 과다 발생

플랫폼 사용자 측면
- ○ (소비자) 최신 디지털 기술을 앞세운 온라인 유통 플랫폼의 등장으로 더욱 편하고 빠른 온라인 쇼핑 환경에 대한 기대치 상승
- ○ (운영자) 이용자 확대에 따른 서비스 운영방식 개선 등 수요자의 요구에 신속한 대응을 위한 업무 프로세스 재설계 필요
  - B2C, B2B 각 채널의 분절적 운영으로 단순·반복 업무 과다발생에 따른 업무효율 저하
  - Sh인스토어, 기프트몰, 임직원복지몰 등 채널별 경쟁력 확보를 위한 운영방식 및 업무 프로세스 재검토 필요
  - 다양한 디지털 마케팅 기술 활용 불가로 고객 증대 및 유지 한계
- ○ (판매자) 플랫폼 입점부터 상품 마케팅·판매·정산이 용이한 이커머스플랫폼에 대한 선호도 증가
  - 판매자의 입점과 상품 판매가 용이한 플랫폼 환경
  - 산재적으로 개별 운영하는 회원조합 온라인몰에 대한 통합 방안 필요",0.9166666666666666,technical,medium,15,0.9483392238616943,26.395637273788452,27.343976497650146,False
V0_hwp5txt,1,doc_A,text_only,기존 수산물 사이버직매장 총 사업비와 추진 단계는 어떻게 되었는가?,"총 사업비 2,996백만원(자담 50%, 국고보조 50%), 1단계('14.6월~'15.5월)와 2단계('15.6월~'15.12월)로 추진","기존 수산물 사이버직매장 총 사업비는 ""총 사업비 : 2,996백만원(자담 50%, 국고보조 50%)""였고, 추진 단계는 사업기간 상 ""1단계(‘14. 6월 ~ ‘15. 5월), 2단계(‘15. 6월 ~ ‘15. 12월)""이며 추진 절차상 ""(1단계) ISMP(정보시스템마스터플랜) 수립, 데이터 표준화 및 정비""와 ""(2단계) 시스템 구축 및 개발""로 이루어져 있습니다.",0.625,budget,medium,15,1.063460350036621,18.518087148666382,19.581547498703003,False
V0_hwp5txt,1,doc_B,table_simple,국가교육과정정보센터(NCIC) 시스템 운영 및 개선 사업의 사업기간은?,계약체결일 ~ 2024.11.15.(금),계약체결일 ~ 2024. 11. 15.(금),0.5,schedule,easy,15,0.7270514965057373,4.651834487915039,5.378885984420776,False
V0_hwp5txt,1,doc_B,table_simple,NCIC 사업의 사업금액은 얼마인가?,"50,000,000원 (VAT 포함)",본 사업은 20억원 미만 사업.,0.0,budget,easy,15,0.6994900703430176,8.356820583343506,9.056310653686523,False
V0_hwp5txt,1,doc_B,table_simple,NCIC 사업에서 고도화 내용으로 요구하는 항목들은 무엇인가?,"국가교육과정 관련 정보의 표준화 및 체계화, 사용자 편의성(UI/UX)를 고려한 웹사이트 전면 개편, 설문조사 시스템의 장기적 활용을 위한 데이터 누적관리 체계 구축, 사용자 로그인 및 관리 기능 신규 개발, 접속자 통계 기록 및 데이터 추출 기능 신규 개발","1 현재 탑재되어 있는 국가교육과정 관련 정보의 표준화 및 체계화
2 사용자 편의성(UI/UX)를 고려한 웹사이트 전면 개편
3 현행 설문조사 시스템의 장기적 활용을 위한 데이터 누적관리 체계 구축
4 사용자 로그인 및 관리 기능 신규 개발
5 국가교육과정정보센터 접속자 통계 기록 및 데이터 추출 기능 신규 개발",0.8823529411764706,technical,medium,15,0.6994376182556152,7.323385238647461,8.022822856903076,False
V0_hwp5txt,1,doc_B,table_simple,NCIC 사업의 유지보수 내용은 무엇인가?,"웹사이트 운영 상 장애가 발생하지 않도록 점검 및 유지보수(WEB, WAS, DB 등), 사용자 요청에 따라 웹페이지 수정(게시판 추가, 배너 수정 등)","ᆞ 유지보수 내용
 1 웹사이트 운영 상 장애가 발생하지 않도록 점검 및 유지보수(WEB, WAS, DB 등)
 2 사용자 요청에 따라 웹페이지 수정(게시판 추가, 배너 수정 등)",0.9473684210526315,technical,medium,15,0.6373791694641113,6.679354429244995,7.3167335987091064,False
V0_hwp5txt,1,doc_B,table_simple,NCIC 사업의 추진 목표는 무엇인가?,국가교육과정 환경에 적합한 최신 기술을 도입하여 데이터를 체계적으로 관리하고 시스템의 안정적 확산을 위한 기반 마련,❍ 추진 목표: 국가교육과정 환경에 적합한 최신 기술을 도입하여 데이터를 체계적으로 관리하고 시스템의 안정적 확산을 위한 기반 마련,1.0,general,easy,15,0.7321267127990723,4.9874114990234375,5.71953821182251,False
V0_hwp5txt,1,doc_B,table_simple,NCIC 사업의 관련 법규는 무엇인가?,국가를 당사자로 하는 계약에 관한 법률 시행령 제43조 및 제43조의 2,"문맥에 나타난 관련 법규는 다음과 같습니다.

- ""국가를 당사자로 하는 계약에 관한 법률""  
- ""국가를 당사자로 하는 계약에 관한 법률 시행령""  
- ""국가를 당사자로 하는 계약에 관한 법률 시행규칙""  
- ""소프트웨어 진흥법""  
- ""소프트웨어사업 계약 및 관리감독에 관한 지침""  
- ""중소 소프트웨어사업자의 사업 참여 지원에 관한 지침""  
- ""국가종합전자조달시스템입찰참가자격등록규정""  
- 중소기업청고시 ""중소기업자간 경쟁제품 직접생산확인기준""  
- ""공공기관의 정보공개에 관한 법률""  
- ""개인정보보호법""  
- ""보안업무규정""  
- ""협상에 의한 계약체결기준""  
- ""소프트웨어 기술성 평가기준 지침""",0.7777777777777778,compliance,hard,15,0.7675900459289551,18.347007513046265,19.11459755897522,False
V0_hwp5txt,1,doc_C,table_complex,차세대 응급의료 상황관리시스템 구축 사업의 사업예산은 얼마인가?,"금일십사억원정(￦1,400,000,000원, VAT 포함)","다. 사업예산 : 금일십사억원정 (₩1,400,000,000원, VAT포함)",0.5,budget,easy,15,0.832484245300293,7.183453798294067,8.01593804359436,False
V0_hwp5txt,1,doc_C,table_complex,차세대 응급의료 상황관리시스템의 사업기간은?,계약일로부터 2024년 12월 31일까지,계약일로부터 2024년 12월 31일까지,1.0,schedule,easy,15,0.800647497177124,4.8933188915252686,5.693966388702393,False
V0_hwp5txt,1,doc_C,table_complex,응급의료 상황관리시스템 구축의 추진배경에서 전원(병원간 이송) 관련 문제점은?,"중증응급환자의 전원 수용병원 결정을 위해 수차례의 수용 요청이 필요하며 평균 9.3개의 의료기관에 전원의뢰, 지역응급의료기관 등 당직의사 1명인 곳에서는 전원 섭외 중 환자 진료가 불가능하고 섭외 시간만큼 환자 치료가 지연","문맥에 따르면 전원(병원간 이송) 관련 문제점은 다음과 같습니다.

- ""병원간 이송(이하 “전원”)이 현 응급의료에서 가장 취약한 영역""  
- ""응급실로 내원 중증환자(KTAS 1,2)의 13.5%(‘22년 기준)가 전원을 하고 있는 실정""  
- ""중증응급환자의 전원 수용병원 결정을 위해 수차례의 수용 요청이 필요(‘22년 중앙응급의료상황실 자료에 따르면 평균 9.3개의 의료기관에 전원의뢰)""  
- ""지역응급의료기관 등 당직의사가 1명에 불과한 곳에서는 전원 섭외 중 환자 진료가 불가능하고 섭외 시간만큼 환자 치료가 지연""  
- ""'12년 응급상담의 119 이전 이후, 소방 구급상황관리센터에서 전원 업무 수행중이나, 일선에서는 비 작동""  
- ""비 의료조직인 소방에 의한 전원 조정에 대한 응급의료기관의 정서적 거부감""  
- ""잦은 인사이동으로 인한 소방의 전문성 결여""",0.8888888888888888,technical,medium,15,0.8871443271636963,14.375551223754883,15.262695550918579,False
V0_hwp5txt,1,doc_C,table_complex,응급의료 상황관리시스템의 예산코드는 무엇인가?,29. 중앙응급의료센터 운영지원-관리운영비-외주용역비-광역상황실,29. 중앙응급의료센터 운영지원-관리운영비-외주용역비-광역상황실,1.0,budget,hard,15,0.8223907947540283,6.101308584213257,6.923699378967285,False
V0_hwp5txt,1,doc_C,table_complex,기존 응급의료 상황관리시스템은 언제 최초 구축되었는가?,'18년에 재난응급의료상황 접수시스템으로 최초 구축,‘18년 재난응급의료상황 접수시스템 최초 구축,0.6,schedule,medium,15,0.8970491886138916,7.227982759475708,8.1250319480896,False
V0_hwp5txt,1,doc_C,table_complex,응급의료 시스템 구축에서 광역상황실 설치 결정의 근거는?,제4차 응급의료기본계획('23.3)과 응급의료긴급대책 당정협의('23.5),제4차 응급의료기본계획(‘23.3)과 응급의료긴급대책 당정협의(‘23.5)에 따라 광역응급의료상황실 설치 결정,0.5,compliance,hard,15,0.7975184917449951,7.916679859161377,8.714198350906372,False
V0_hwp5txt,1,doc_D,mixed,예약발매시스템 개량 ISMP 용역의 사업비는 얼마인가?,470백만원 (VAT 포함),"사 업 명 : 예약발매시스템 개량 ISMP 용역  
사 업 비 : 470백만원 (VAT포함)",1.0,budget,easy,15,0.9590649604797363,6.303517580032349,7.262582540512085,False
V0_hwp5txt,1,doc_D,mixed,예약발매시스템 ISMP 사업기간은?,체결일로부터 5개월 이내,체결일로부터 5개월 이내,1.0,schedule,easy,15,0.8646771907806396,6.511988162994385,7.376665353775024,False
V0_hwp5txt,1,doc_D,mixed,예약발매시스템 개량의 추진배경은?,"'15년 시스템 개선 후 '17년과 '20년에 하드웨어만 개량하여 노후화와 운용 효율 저하, IT운영센터 신축 및 SR 시스템 분리, MaaS·AI·빅데이터 등 산업 동향 대응 예약발매 플랫폼 전략 부재","1. (배경) 1 ’15년 시스템 개선 후 ’17년, ’20년에 하드웨어만 개량하여 노후화와 운용 효율 저하
2. IT운영센터 신축, SR 시스템 분리
3. MaaS·AI·빅데이터 등 산업 동향 대응 예약발매 플랫폼 전략 부재
4. 「제4차 철도산업발전 기본계획」 고시(디지털 플랫폼 강화)",0.8076923076923077,technical,medium,15,0.8841683864593506,8.762767553329468,9.646935939788818,False
V0_hwp5txt,1,doc_D,mixed,예약발매시스템 ISMP의 제안서 평가방법은 어떤 장에서 다루고 있는가?,7장 제안안내사항의 나. 제안서 평가 방법(48페이지)과 다. 제안서 평가 기준(50페이지),나. 제안서 평가 방법,0.5,evaluation,medium,15,0.858241081237793,3.463632583618164,4.321873664855957,False
V0_hwp5txt,1,doc_D,mixed,예약발매시스템 ISMP에서 하자담보 책임기간은 어디에 규정되어 있는가?,9장 기타 사항의 가. 하자담보 책임기간(72페이지),"예약발매시스템 개량 ISMP 용역 문서의 ""가. 하자담보 책임기간""에 규정되어 있습니다. 해당 조문은 ""하자담보 책임기간은 계약사업자는 본 사업이 종료한 날(사업에 대한 시험 및 검사를 수행하여 최종산출물을 인도한 날을 말함)로부터 1년으로 한다.""입니다.",0.3333333333333333,maintenance,hard,15,0.9140884876251221,8.395918846130371,9.310007333755493,False
V0_hwp5txt,1,doc_D,mixed,예약발매시스템의 보안 준수사항에서 다루는 세부 항목은?,"공통사항, 용역사업 참여인원에 대한 보안관리, 자료에 대한 보안관리, 용역수행 관련 장비에 대한 보안관리, 내·외부망 접근에 대한 보안관리, 보안특약 조항","내·외부 접근 사이버 침해 방지, DB 이력 관리, 개인정보 유출 관리 등

또한 원격개발 관련 보안관리 항목으로는 다음을 포함함:
- 관리적 보안(보안정책, 보안자료등급관리, 보안자료 접근관리, 백업대책 등)
- 물리적 보안(출입보안, 원격개발 장소 및 장비운용, 침해시 보안자료 백업 장소 운용 등)
- 기술적 보안(침입방지, 탐색, 자료보안기술, 노트북·USB 등 휴대용 저장매체, 네트워크 등)",0.05263157894736842,security,hard,15,1.0298097133636475,13.676226377487183,14.70603609085083,False
V0_hwp5txt,1,doc_E,hwp_representative,스포츠윤리센터 LMS 기능개선 사업의 소요예산은?,"금 46,445,000원(부가가치세 포함)","금 46,445,000원(부가가치세 포함)",1.0,budget,easy,15,0.7936451435089111,4.125387907028198,4.919033050537109,False
V0_hwp5txt,1,doc_E,hwp_representative,스포츠윤리센터 LMS 사업기간은?,계약 후 150일,□ 사업기간 : 계약 후 150일,1.0,schedule,easy,15,0.7975504398345947,3.0422420501708984,3.839792490005493,False
V0_hwp5txt,1,doc_E,hwp_representative,스포츠윤리센터 LMS 기능개선의 추진배경 및 필요성은?,"학습자의 흥미도를 고려한 상호작용 형태의 교육콘텐츠 구현 필요, 현장교육 확대에 따라 자동화 강사파견 시스템 개발, 교육등록 체계·통계 등 현행 기능의 고도화 필요, 학습자 편의성·접근성 향상을 위한 LMS 기능개선","□ 학습자의 흥미도를 고려한 상호작용 형태의 교육콘텐츠 구현 필요
□ 현장교육 확대에 따라 자동화 강사파견 시스템 개발
□ 교육등록 체계·통계 등 현행 기능의 고도화 필요
□ 학습자 편의성·접근성 향상을 위한 LMS(학습지원시스템) 기능개선",0.896551724137931,technical,medium,15,0.7775890827178955,8.360167503356934,9.137756586074829,False
V0_hwp5txt,1,doc_E,hwp_representative,스포츠윤리센터 LMS 사업의 수요기관과 담당부서는?,수요기관은 스포츠윤리센터이며 담당부서는 정책실 교육정책팀,"수요기관 : 스포츠윤리센터
담당부서 : 스포츠윤리센터 교육정책팀",0.2,general,easy,15,0.8866753578186035,3.8755531311035156,4.762228488922119,False
V0_hwp5txt,1,doc_E,hwp_representative,스포츠윤리센터 LMS 사업의 사업추진방식은?,제한경쟁입찰(협상에 의한 계약),제한경쟁입찰(협상에 의한 계약),1.0,procurement,medium,15,0.6927025318145752,2.7843568325042725,3.4770593643188477,False
V0_hwp5txt,1,doc_E,hwp_representative,스포츠윤리센터 LMS 제안서 평가방식과 평가기준은 몇 장에서 다루는가?,Ⅶ장 제안서 평가방법에서 다루며 1. 제안서 평가방식(47p)과 2. 제안서 기술 평가 기준(47p)에 상세 기술,"제안서 평가방식은 ""1. 제안서 평가방식"" 장에서, 평가기준은 ""2. 제안서 기술평가 기준"" 장에서 다룹니다.",0.5714285714285714,evaluation,hard,15,0.7806601524353027,11.280844449996948,12.061504602432251,False
V0_hwp5txt,2,doc_A,text_only,본 사업의 사업명은 무엇인가?,수협중앙회 수산물 사이버직매장 재구축 ISMP수립 용역,수협중앙회 수산물 사이버직매장 재구축 ISMP수립 용역,1.0,general,easy,15,0.9864456653594971,5.464814186096191,6.4512598514556885,False
V0_hwp5txt,2,doc_A,text_only,사업기간은 어떻게 되는가?,계약일로부터 4월(120일),□ 사업기간 : 계약일로부터 4월(120일) * 사업기간은 협의에 의해 조정할 수 있음,1.0,schedule,easy,15,1.1111137866973877,5.371610879898071,6.482724666595459,False
V0_hwp5txt,2,doc_A,text_only,사업예산은 얼마인가?,300백만원(V.A.T. 포함),□ 사업예산 : 300백만원(V.A.T. 포함),1.0,budget,easy,15,1.0553934574127197,4.445878744125366,5.501272201538086,False
V0_hwp5txt,2,doc_A,text_only,입찰방식 및 계약방법은 무엇인가?,제한경쟁입찰(협상에 의한 계약),"입찰방식 및 방법은 ""제한경쟁입찰(협상에 의한 계약)""입니다.",1.0,procurement,easy,15,1.1209006309509277,4.3294677734375,5.450368404388428,False
V0_hwp5txt,2,doc_A,text_only,現 수산물 사이버직매장 시스템의 주요 문제점은 무엇인가?,"시스템 노후화(2015년 구축)로 인한 장애위험 증가 및 유지관리 한계, 보안정책 과다 적용 및 스위치 대역폭 부족, SSF(회계) 및 수협은행 등 내부 시스템 간 미연동에 따른 불필요한 행정업무 과다 발생","- 現 시스템 노후화(2015년 구축)로 인한 장애위험 증가 및 유지관리 한계  
- 신용(금융)사업 네트워크 환경을 공유함으로써 발생하는 보안정책 과다 적용 및 스위치 대역폭* 부족 문제(스위치 대역폭은 1GB이며, 실가능 대역폭은 300MB 수준)  
- SSF(회계) 및 수협은행 등 내부 시스템 간 미연동에 따른 불필요한 행정업무 과다 발생  
- (플랫폼 사용자 측면) 최신 디지털 기술을 앞세운 온라인 유통 플랫폼의 등장으로 더욱 편하고 빠른 온라인 쇼핑 환경에 대한 기대치 상승 및 B2C, B2B 각 채널의 분절적 운영으로 인한 업무효율 저하(채널별 경쟁력 확보를 위한 운영방식 및 업무 프로세스 재검토 필요)",0.9166666666666666,technical,medium,15,1.0615389347076416,12.258382081985474,13.319921016693115,False
V0_hwp5txt,2,doc_A,text_only,기존 수산물 사이버직매장 총 사업비와 추진 단계는 어떻게 되었는가?,"총 사업비 2,996백만원(자담 50%, 국고보조 50%), 1단계('14.6월~'15.5월)와 2단계('15.6월~'15.12월)로 추진","총 사업비 : 2,996백만원(자담 50%, 국고보조 50%)

추진 단계 :
- 사업기간 : 1단계(‘14. 6월 ~ ‘15. 5월), 2단계(‘15. 6월 ~ ‘15. 12월)
- 추진 절차 : (1단계) ISMP(정보시스템마스터플랜) 수립, 데이터 표준화 및 정비
              (2단계) 시스템 구축 및 개발",0.625,budget,medium,15,1.011789321899414,12.981183290481567,13.992972612380981,False
V0_hwp5txt,2,doc_B,table_simple,국가교육과정정보센터(NCIC) 시스템 운영 및 개선 사업의 사업기간은?,계약체결일 ~ 2024.11.15.(금),사업기간 : 계약체결일 ~ 2024. 11. 15.(금),0.5,schedule,easy,15,0.6703276634216309,5.267939567565918,5.938267230987549,False
V0_hwp5txt,2,doc_B,table_simple,NCIC 사업의 사업금액은 얼마인가?,"50,000,000원 (VAT 포함)",본 사업은 20억원 미만 사업으로,0.0,budget,easy,15,0.6943962574005127,7.988762617111206,8.683158874511719,False
V0_hwp5txt,2,doc_B,table_simple,NCIC 사업에서 고도화 내용으로 요구하는 항목들은 무엇인가?,"국가교육과정 관련 정보의 표준화 및 체계화, 사용자 편의성(UI/UX)를 고려한 웹사이트 전면 개편, 설문조사 시스템의 장기적 활용을 위한 데이터 누적관리 체계 구축, 사용자 로그인 및 관리 기능 신규 개발, 접속자 통계 기록 및 데이터 추출 기능 신규 개발","고도화 내용
1 현재 탑재되어 있는 국가교육과정 관련 정보의 표준화 및 체계화
2 사용자 편의성(UI/UX)를 고려한 웹사이트 전면 개편
3 현행 설문조사 시스템의 장기적 활용을 위한 데이터 누적관리 체계 구축
4 사용자 로그인 및 관리 기능 신규 개발
5 국가교육과정정보센터 접속자 통계 기록 및 데이터 추출 기능 신규 개발",0.8823529411764706,technical,medium,15,0.8290102481842041,9.287103176116943,10.116113424301147,False
V0_hwp5txt,2,doc_B,table_simple,NCIC 사업의 유지보수 내용은 무엇인가?,"웹사이트 운영 상 장애가 발생하지 않도록 점검 및 유지보수(WEB, WAS, DB 등), 사용자 요청에 따라 웹페이지 수정(게시판 추가, 배너 수정 등)","유지보수 내용
1 웹사이트 운영 상 장애가 발생하지 않도록 점검 및 유지보수(WEB, WAS, DB 등)
2 사용자 요청에 따라 웹페이지 수정(게시판 추가, 배너 수정 등)",0.9473684210526315,technical,medium,15,0.7226097583770752,8.636919260025024,9.3595290184021,False
V0_hwp5txt,2,doc_B,table_simple,NCIC 사업의 추진 목표는 무엇인가?,국가교육과정 환경에 적합한 최신 기술을 도입하여 데이터를 체계적으로 관리하고 시스템의 안정적 확산을 위한 기반 마련,추진 목표: 국가교육과정 환경에 적합한 최신 기술을 도입하여 데이터를 체계적으로 관리하고 시스템의 안정적 확산을 위한 기반 마련,1.0,general,easy,15,0.7462778091430664,5.616944313049316,6.363222122192383,False
V0_hwp5txt,2,doc_B,table_simple,NCIC 사업의 관련 법규는 무엇인가?,국가를 당사자로 하는 계약에 관한 법률 시행령 제43조 및 제43조의 2,"다음 법규·지침 등이 문맥에 명시되어 있습니다.

- 「소프트웨어 진흥법」  
- 중소 소프트웨어사업자의 사업참여 지원에 관한 지침  
- 「국가를 당사자로 하는 계약에 관한 법률」  
- 「국가를 당사자로 하는 계약에 관한 법률 시행령」  
- 동법 시행규칙  
- 「국가종합전자조달시스템입찰참가자격등록규정」  
- 중소기업청고시 ‘중소기업자간 경쟁제품 직접생산확인기준’  
- 「소프트웨어사업 계약 및 관리감독에 관한 지침」  
- ‘협상에 의한 계약체결기준’  
- ‘협상에의한계약체결기준’  
- 「공공기관의 정보공개에 관한 법률」  
- ‘개인정보보호법’  
- ‘보안업무규정’  
- 「소프트웨어 기술성 평가기준 지침»",0.7777777777777778,compliance,hard,15,0.7600576877593994,25.45492434501648,26.21498203277588,False
V0_hwp5txt,2,doc_C,table_complex,차세대 응급의료 상황관리시스템 구축 사업의 사업예산은 얼마인가?,"금일십사억원정(￦1,400,000,000원, VAT 포함)","다. 사업예산 : 금일십사억원정 (₩1,400,000,000원, VAT포함)",0.5,budget,easy,15,0.8944916725158691,6.294495105743408,7.188986778259277,False
V0_hwp5txt,2,doc_C,table_complex,차세대 응급의료 상황관리시스템의 사업기간은?,계약일로부터 2024년 12월 31일까지,계약일로부터 2024년 12월 31일까지,1.0,schedule,easy,15,0.8820512294769287,3.396975040435791,4.27902626991272,False
V0_hwp5txt,2,doc_C,table_complex,응급의료 상황관리시스템 구축의 추진배경에서 전원(병원간 이송) 관련 문제점은?,"중증응급환자의 전원 수용병원 결정을 위해 수차례의 수용 요청이 필요하며 평균 9.3개의 의료기관에 전원의뢰, 지역응급의료기관 등 당직의사 1명인 곳에서는 전원 섭외 중 환자 진료가 불가능하고 섭외 시간만큼 환자 치료가 지연","문맥에 따르면 전원(병원간 이송) 관련 문제점은 다음과 같습니다.

- ""응급의료는 국민의 생명과 직결되는 대표적인 필수의료 분야이나 최근 응급실 뺑뺑이 사건 등 병원 전 단계에서 치료 가능한 응급실 섭외 지연 문제 발생""  
- ""병원간 이송(이하 “전원”)이 현 응급의료에서 가장 취약한 영역""  
- ""응급실로 내원 중증환자(KTAS 1,2)의 13.5%(‘22년 기준)가 전원을 하고 있는 실정""  
- ""중증응급환자의 전원 수용병원 결정을 위해 수차례의 수용 요청이 필요(‘22년 중앙응급의료상황실 자료에 따르면 평균 9.3개의 의료기관에 전원의뢰)""  
- ""지역응급의료기관 등 당직의사가 1명에 불과한 곳에서는 전원 섭외 중 환자 진료가 불가능하고 섭외 시간만큼 환자 치료가 지연""  
- ""비 의료조직인 소방에 의한 전원 조정에 대한 응급의료기관의 정서적 거부감""  
- ""잦은 인사이동으로 인한 소방의 전문성 결여""",0.8888888888888888,technical,medium,15,0.7882609367370605,19.710372924804688,20.498633861541748,False
V0_hwp5txt,2,doc_C,table_complex,응급의료 상황관리시스템의 예산코드는 무엇인가?,29. 중앙응급의료센터 운영지원-관리운영비-외주용역비-광역상황실,29. 중앙응급의료센터 운영지원-관리운영비-외주용역비-광역상황실,1.0,budget,hard,15,0.9108145236968994,4.759591102600098,5.670405626296997,False
V0_hwp5txt,2,doc_C,table_complex,기존 응급의료 상황관리시스템은 언제 최초 구축되었는가?,'18년에 재난응급의료상황 접수시스템으로 최초 구축,‘18년 재난응급의료상황 접수시스템 최초 구축,0.6,schedule,medium,15,0.8345901966094971,6.621082782745361,7.455672979354858,False
V0_hwp5txt,2,doc_C,table_complex,응급의료 시스템 구축에서 광역상황실 설치 결정의 근거는?,제4차 응급의료기본계획('23.3)과 응급의료긴급대책 당정협의('23.5),제4차 응급의료기본계획(‘23.3)과 응급의료긴급대책 당정협의(‘23.5)에 따라 광역응급의료상황실 설치 결정,0.5,compliance,hard,15,0.7706847190856934,12.043237209320068,12.813921928405762,False
V0_hwp5txt,2,doc_D,mixed,예약발매시스템 개량 ISMP 용역의 사업비는 얼마인가?,470백만원 (VAT 포함),예약발매시스템 개량 ISMP 용역의 사업비는 470백만원 (VAT포함)입니다.,1.0,budget,easy,15,1.0795750617980957,5.279398441314697,6.358973503112793,False
V0_hwp5txt,2,doc_D,mixed,예약발매시스템 ISMP 사업기간은?,체결일로부터 5개월 이내,체결일로부터 5개월 이내,1.0,schedule,easy,15,0.8838534355163574,4.506764888763428,5.390618324279785,False
V0_hwp5txt,2,doc_D,mixed,예약발매시스템 개량의 추진배경은?,"'15년 시스템 개선 후 '17년과 '20년에 하드웨어만 개량하여 노후화와 운용 효율 저하, IT운영센터 신축 및 SR 시스템 분리, MaaS·AI·빅데이터 등 산업 동향 대응 예약발매 플랫폼 전략 부재","1. (배경) 1 ’15년 시스템 개선 후 ’17년, ’20년에 하드웨어만 개량하여 노후화와 운용 효율 저하
2. IT운영센터 신축, SR 시스템 분리
3. MaaS·AI·빅데이터 등 산업 동향 대응 예약발매 플랫폼 전략 부재
4. 「제4차 철도산업발전 기본계획」 고시(디지털 플랫폼 강화)",0.8076923076923077,technical,medium,15,0.871312141418457,10.271718740463257,11.143030881881714,False
V0_hwp5txt,2,doc_D,mixed,예약발매시스템 ISMP의 제안서 평가방법은 어떤 장에서 다루고 있는가?,7장 제안안내사항의 나. 제안서 평가 방법(48페이지)과 다. 제안서 평가 기준(50페이지),나. 제안서 평가 방법,0.5,evaluation,medium,15,0.9529373645782471,4.715836763381958,5.668774127960205,False
V0_hwp5txt,2,doc_D,mixed,예약발매시스템 ISMP에서 하자담보 책임기간은 어디에 규정되어 있는가?,9장 기타 사항의 가. 하자담보 책임기간(72페이지),"『예약발매시스템 개량 ISMP 용역』 문서의 ""가. 하자담보 책임기간""에 규정되어 있으며, ""하자담보 책임기간은 계약사업자는 본 사업이 종료한 날(사업에 대한 시험 및 검사를 수행하여 최종산출물을 인도한 날을 말함)로부터 1년으로 한다.""",0.3333333333333333,maintenance,hard,15,0.8792622089385986,7.954967021942139,8.834229230880737,False
V0_hwp5txt,2,doc_D,mixed,예약발매시스템의 보안 준수사항에서 다루는 세부 항목은?,"공통사항, 용역사업 참여인원에 대한 보안관리, 자료에 대한 보안관리, 용역수행 관련 장비에 대한 보안관리, 내·외부망 접근에 대한 보안관리, 보안특약 조항","다음과 같은 세부 항목을 다룹니다.

- 관리적 보안: 보안정책, 보안자료등급관리, 보안자료 접근관리, 백업대책 등  
- 물리적 보안: 출입보안, 원격개발 장소 및 장비운용, 침해시 보안자료 백업 장소 운용 등  
- 기술적 보안: 침입방지, 탐색, 자료보안기술, 노트북·USB 등 휴대용 저장매체, 네트워크 등

추가로 구체적 준수사항(원문 표현):
- 용역업체 사용 전산망은 물리적 또는 방화벽 등을 활용하여 업무망과 분리 구성하고 업무상 필요한 서버에만 제한적 접근허용  
- 전산장비 망간 혼용을 금지  
- 용역사업 수행시 철도공사 업무망에 대한 접속은 반드시 발주기관의 승인을 득한 후 하여야 한다.  
- 용역사업 참여인원의 사용자계정(ID)은 하나의 그룹으로 등록하고 계정별 정보시스템 접근권한을 차등 부여하되 내부문서 접근금지  
- 계정별 부여된 접근권한은 불필요시 곧바로 권한을 해지하거나 계정을 폐기  
- 비밀번호는 용역사업 책임자가 별도기록.관리하고 수시로 저장된 자료 및 작업이력을 확인  
- 작업이력 로그관리 적용  
- 내부서버 및 네트워크 장비에 대한 접근기록을 매일 확인하여 이상 유무 보고  
- 관리자 계정인 ‘root’ 계정 등 시스템에 중대한 영향을 끼칠 수 있는 계정에 대한 단독적인 접근 불허  
- 용역 참여자가 사용하는 PC는 인터넷 연결을 금지함을 원칙(단, 발주기관 승인 시 사용)  
- 공급자는 원격개발에 따른 보안사고 등 위험을 식별하여 대응방안을 제안  
- 공급자는 제안요청서에 명시한 보안요구사항 등을 준수하여 원격개발에 따른 구체적인 원격보안 관리대책을 관리적·물리적·기술적 보안으로 제시  
- 사업수행 중 취득한 자료 및 정보는 사업수행 중은 물론 사업완료 후에도 외부에 유출 금지, 사업종료시 완전 폐기 또는 반납  
- 사업수행사는 사업 최종 산출물에 대해 정보보안전문가 또는 전문보안 점검도구를 활용하여 보안 취약점 점검 및 개선 완료 후 결과 제출  
- 사업수행사는 문서·인원·장비 등에 대해 물리적·관리적·기술적 보안대책 및 ‘누출금지 대상 정보’에 대한 보안관리계획을 제출하고, 누출시 [별표2] 보안위약금 부과기준에 따라 보안위약금 납부  
- 보안책임자 지정, 보안서약서(자필 서명) 징구, 신원확인·비밀유지의무 교육 실시  
- 자료 인계인수대장 작성, 내부 자료 복사·외부반출·웹하드·P2P·클라우드 저장 금지, 프로그램 소스코드 인터넷 소스코드 저장소 저장 금지, 매일 퇴근시 제공된 자료 반납  
- 용역사 PC 등 전산장비 반입·반출은 보안담당관 승인, 악성코드 점검 및 저장자료 완전 삭제 후 반출  
- 최신 백신 설치, OS 비밀번호·화면보호기 설정 등 보안대책 적용  
- USB·외장하드디스크·CD-RW 등의 보조기억매체 사용 금지(필요시 철도공사 관리 하 사용)  
- 븥루투스 동글, 무선신호기, OTG케이블 등 복사 가능한 장비 사용 금지  
- 용역사업 종료 시 용역 참여자의 PC 및 보조기억장치는 완전 삭제 후 반출  
- 非인가 통신기기나 개인 스마트폰을 이용한 테더링 등 허가되지 않은 통신망을 이용, 인터넷에 무단접속 금지

(위 내용은 제안요청서 내 보안 관련 원문 표현을 그대로 인용한 세부 항목임)",0.3684210526315789,security,hard,15,1.0451934337615967,30.79844856262207,31.843641996383667,False
V0_hwp5txt,2,doc_E,hwp_representative,스포츠윤리센터 LMS 기능개선 사업의 소요예산은?,"금 46,445,000원(부가가치세 포함)","금 46,445,000원(부가가치세 포함)",1.0,budget,easy,15,0.8796534538269043,5.455761194229126,6.33541464805603,False
V0_hwp5txt,2,doc_E,hwp_representative,스포츠윤리센터 LMS 사업기간은?,계약 후 150일,계약 후 150일,1.0,schedule,easy,15,0.8782424926757812,3.6114871501922607,4.489729642868042,False
V0_hwp5txt,2,doc_E,hwp_representative,스포츠윤리센터 LMS 기능개선의 추진배경 및 필요성은?,"학습자의 흥미도를 고려한 상호작용 형태의 교육콘텐츠 구현 필요, 현장교육 확대에 따라 자동화 강사파견 시스템 개발, 교육등록 체계·통계 등 현행 기능의 고도화 필요, 학습자 편의성·접근성 향상을 위한 LMS 기능개선","□ 학습자의 흥미도를 고려한 상호작용 형태의 교육콘텐츠 구현 필요
□ 현장교육 확대에 따라 자동화 강사파견 시스템 개발
□ 교육등록 체계·통계 등 현행 기능의 고도화 필요
□ 학습자 편의성·접근성 향상을 위한 LMS(학습지원시스템) 기능개선",0.896551724137931,technical,medium,15,0.8098587989807129,9.991608381271362,10.801467180252075,False
V0_hwp5txt,2,doc_E,hwp_representative,스포츠윤리센터 LMS 사업의 수요기관과 담당부서는?,수요기관은 스포츠윤리센터이며 담당부서는 정책실 교육정책팀,"수요기관 : 스포츠윤리센터
담당부서 : 교육정책팀",0.2,general,easy,15,0.8263504505157471,4.0882039070129395,4.9145543575286865,False
V0_hwp5txt,2,doc_E,hwp_representative,스포츠윤리센터 LMS 사업의 사업추진방식은?,제한경쟁입찰(협상에 의한 계약),제한경쟁입찰(협상에 의한 계약),1.0,procurement,medium,15,0.685793399810791,3.0093226432800293,3.6951160430908203,False
V0_hwp5txt,2,doc_E,hwp_representative,스포츠윤리센터 LMS 제안서 평가방식과 평가기준은 몇 장에서 다루는가?,Ⅶ장 제안서 평가방법에서 다루며 1. 제안서 평가방식(47p)과 2. 제안서 기술 평가 기준(47p)에 상세 기술,"제안서 평가방식은 ""1. 제안서 평가방식""에서, 평가기준은 ""2. 제안서 기술평가 기준""에서 다룹니다.",0.5714285714285714,evaluation,hard,15,0.7778551578521729,11.589226484298706,12.367081642150879,False
V4_hybrid,0,doc_A,text_only,본 사업의 사업명은 무엇인가?,수협중앙회 수산물 사이버직매장 재구축 ISMP수립 용역,수협중앙회 수산물 사이버직매장 재구축 ISMP 수립 용역,0.8333333333333334,general,easy,15,1.6533422470092773,5.002065658569336,6.655407905578613,False
V4_hybrid,0,doc_A,text_only,사업기간은 어떻게 되는가?,계약일로부터 4월(120일),"□ 사업기간 : 계약일로부터 4월(120일) * 사업기간은 협의에 의해 조정할 수 있음

(또한 3. 추진일정에 ""□ 사업기간 : 계약일로부터 4개월""이라고 표기됨.)",1.0,schedule,easy,15,1.6500177383422852,9.507137775421143,11.157155513763428,False
V4_hybrid,0,doc_A,text_only,사업예산은 얼마인가?,300백만원(V.A.T. 포함),"사업예산은 4,800 내외입니다.",0.0,budget,easy,15,1.69295334815979,4.739946603775024,6.4328999519348145,False
V4_hybrid,0,doc_A,text_only,입찰방식 및 계약방법은 무엇인가?,제한경쟁입찰(협상에 의한 계약),입찰방식 및 방법 : 제한경쟁입찰(협상에 의한 계약),1.0,procurement,easy,15,1.5515995025634766,4.638333797454834,6.1899333000183105,False
V4_hybrid,0,doc_A,text_only,現 수산물 사이버직매장 시스템의 주요 문제점은 무엇인가?,"시스템 노후화(2015년 구축)로 인한 장애위험 증가 및 유지관리 한계, 보안정책 과다 적용 및 스위치 대역폭 부족, SSF(회계) 및 수협은행 등 내부 시스템 간 미연동에 따른 불필요한 행정업무 과다 발생","다음과 같은 주요 문제점이 제시되어 있습니다.

- ""現 시스템 노후화(2015년 구축)로 인한 장애위험 증가 및 유지관리 한계"" — H/W(Server, Storage, 네트워크 장비 등), SW(OS, DBMS등)의 내용연수 경과 및 EOS(End Of Service) 상태  
- ""신용(금융)사업 네트워크 환경을 공유함으로써 발생하는 보안정책 과다 적용 및 스위치 대역폭* 부족 문제에 대한 개선 필요""  
  * 스위치 대역폭은 1GB이며, 실가능 대역폭은 300MB 수준  
- ""SSF(회계) 및 수협은행 등 내부 시스템 간 미연동에 따른 불필요한 행정업무 과다 발생""  
- 플랫폼 사용자 측면의 문제: ""최신 디지털 기술을 앞세운 온라인 유통 플랫폼의 등장으로 더욱 편하고 빠른 온라인 쇼핑 환경에 대한 기대치 상승"" 및 ""이용자 확대에 따른 서비스 운영방식 개선 등 수요자의 요구에 신속한 대응을 위한 업무 프로세스 재설계 필요""  
  - ""B2C, B2B 각 채널의 분절적 운영으로 단순·반복 업무 과다발생에 따른 업무효율 저하""  
  - ""다양한 디지털 마케팅 기술 활용 불가로 고객 증대 및 유지 한계""  
- 판매자 측 문제: ""플랫폼 입점부터 상품 마케팅·판매·정산이 용이한 이커머스플랫폼에 대한 선호도 증가"" 및 ""산재적으로 개별 운영하는 회원조합 온라인몰에 대한 통합 방안 필요""",0.9166666666666666,technical,medium,15,1.883399486541748,16.696610689163208,18.580010175704956,False
V4_hybrid,0,doc_A,text_only,기존 수산물 사이버직매장 총 사업비와 추진 단계는 어떻게 되었는가?,"총 사업비 2,996백만원(자담 50%, 국고보조 50%), 1단계('14.6월~'15.5월)와 2단계('15.6월~'15.12월)로 추진","기존 수산물 사이버직매장의 총 사업비는 ""2,996백만원(자담 50%, 국고보조 50%)""이며, 추진 단계는 ""1단계(‘14. 6월 ~ ‘15. 5월), 2단계(‘15. 6월 ~ ‘15. 12월)""입니다.",0.625,budget,medium,15,1.91123628616333,7.410048007965088,9.321284294128418,False
V4_hybrid,0,doc_B,table_simple,국가교육과정정보센터(NCIC) 시스템 운영 및 개선 사업의 사업기간은?,계약체결일 ~ 2024.11.15.(금),사업기간 : 계약체결일~ 2024.11.15.(금),1.0,schedule,easy,15,1.6865732669830322,4.346973657608032,6.0335469245910645,False
V4_hybrid,0,doc_B,table_simple,NCIC 사업의 사업금액은 얼마인가?,"50,000,000원 (VAT 포함)","❍사업금액 : 50,000,000원 (VAT포함)",1.0,budget,easy,15,1.9111239910125732,4.088223218917847,5.99934720993042,False
V4_hybrid,0,doc_B,table_simple,NCIC 사업에서 고도화 내용으로 요구하는 항목들은 무엇인가?,"국가교육과정 관련 정보의 표준화 및 체계화, 사용자 편의성(UI/UX)를 고려한 웹사이트 전면 개편, 설문조사 시스템의 장기적 활용을 위한 데이터 누적관리 체계 구축, 사용자 로그인 및 관리 기능 신규 개발, 접속자 통계 기록 및 데이터 추출 기능 신규 개발","ᆞ 고도화 내용
1 현재 탑재되어 있는 국가교육과정 관련 정보의 표준화 및 체계화
2 사용자 편의성(UI/UX)를 고려한 웹사이트 전면 개편
3 현행 설문조사 시스템의 장기적 활용을 위한 데이터 누적관리 체계 구축
4 사용자 로그인 및 관리 기능 신규 개발
5 국가교육과정정보센터 접속자 통계 기록 및 데이터 추출 기능 신규 개발",0.8823529411764706,technical,medium,15,1.8304190635681152,5.83554482460022,7.665963888168335,False
V4_hybrid,0,doc_B,table_simple,NCIC 사업의 유지보수 내용은 무엇인가?,"웹사이트 운영 상 장애가 발생하지 않도록 점검 및 유지보수(WEB, WAS, DB 등), 사용자 요청에 따라 웹페이지 수정(게시판 추가, 배너 수정 등)","유지보수 내용
1 웹사이트 운영 상 장애가 발생하지 않도록 점검 및 유지보수(WEB, WAS, DB 등)
2 사용자 요청에 따라 웹페이지 수정(게시판 추가, 배너 수정 등)",0.9473684210526315,technical,medium,15,1.7631945610046387,3.9079439640045166,5.671138525009155,False
V4_hybrid,0,doc_B,table_simple,NCIC 사업의 추진 목표는 무엇인가?,국가교육과정 환경에 적합한 최신 기술을 도입하여 데이터를 체계적으로 관리하고 시스템의 안정적 확산을 위한 기반 마련,추진 목표: 국가교육과정 환경에 적합한 최신 기술을 도입하여 데이터를 체계적으로 관리하고 시스템의 안정적 확산을 위한 기반 마련,1.0,general,easy,15,1.5911567211151123,5.527288913726807,7.118445634841919,False
V4_hybrid,0,doc_B,table_simple,NCIC 사업의 관련 법규는 무엇인가?,국가를 당사자로 하는 계약에 관한 법률 시행령 제43조 및 제43조의 2,국가를 당사자로 하는 계약에 관한 법률 시행령 제43조 및 제43조의 2,1.0,compliance,hard,15,1.9584059715270996,4.690361499786377,6.648767471313477,False
V4_hybrid,0,doc_C,table_complex,차세대 응급의료 상황관리시스템 구축 사업의 사업예산은 얼마인가?,"금일십사억원정(￦1,400,000,000원, VAT 포함)","사업예산 : 금일십사억원정 (₩1,400,000,000원, VAT포함)",0.5,budget,easy,15,1.7370436191558838,4.270263671875,6.007307291030884,False
V4_hybrid,0,doc_C,table_complex,차세대 응급의료 상황관리시스템의 사업기간은?,계약일로부터 2024년 12월 31일까지,계약일로부터 2024년 12월 31일까지,1.0,schedule,easy,15,1.8922107219696045,5.912157297134399,7.804368019104004,False
V4_hybrid,0,doc_C,table_complex,응급의료 상황관리시스템 구축의 추진배경에서 전원(병원간 이송) 관련 문제점은?,"중증응급환자의 전원 수용병원 결정을 위해 수차례의 수용 요청이 필요하며 평균 9.3개의 의료기관에 전원의뢰, 지역응급의료기관 등 당직의사 1명인 곳에서는 전원 섭외 중 환자 진료가 불가능하고 섭외 시간만큼 환자 치료가 지연","- “병원간 이송(이하 “전원”)이 현 응급의료에서 가장 취약한 영역”
- 응급실로 내원 중증환자(KTAS 1,2)의 13.5%(‘22년 기준)가 전원을 하고 있는 실정
- 중증응급환자의 전원 수용병원 결정을 위해 수차례의 수용 요청이 필요(‘22년 중앙응급의료상황실 자료에 따르면 평균 9.3개의 의료기관에 전원의뢰)
- 지역응급의료기관 등 당직의사가 1명에 불과한 곳에서는 전원 섭외 중 환자 진료가 불가능하고 섭외 시간만큼 환자 치료가 지연
- ‘12년 응급상담의 119 이전 이후, 소방 구급상황관리센터에서 전원 업무 수행중하나, 일선에서는 비 작동
- 비 의료조직인 소방에 의한 전원 조정에 대한 응급의료기관의 정서적 거부감
- 잦은 인사이동으로 인한 소방의 전문성 결여",0.8888888888888888,technical,medium,15,2.0947723388671875,15.676889657974243,17.77166199684143,False
V4_hybrid,0,doc_C,table_complex,응급의료 상황관리시스템의 예산코드는 무엇인가?,29. 중앙응급의료센터 운영지원-관리운영비-외주용역비-광역상황실,29. 중앙응급의료센터 운영지원-관리운영비-외주용역비-광역상황실,1.0,budget,hard,15,1.6737303733825684,3.7250137329101562,5.398744106292725,False
V4_hybrid,0,doc_C,table_complex,기존 응급의료 상황관리시스템은 언제 최초 구축되었는가?,'18년에 재난응급의료상황 접수시스템으로 최초 구축,‘18년 재난응급의료상황 접수시스템 최초 구축,0.6,schedule,medium,15,1.9563369750976562,4.86429762840271,6.820634603500366,False
V4_hybrid,0,doc_C,table_complex,응급의료 시스템 구축에서 광역상황실 설치 결정의 근거는?,제4차 응급의료기본계획('23.3)과 응급의료긴급대책 당정협의('23.5),제4차 응급의료기본계획(‘23.3)과 응급의료긴급대책 당정협의(‘23.5)에 따라 광역응급의료상황실 설치 결정,0.5,compliance,hard,15,1.8215582370758057,5.552391290664673,7.3739495277404785,False
V4_hybrid,0,doc_D,mixed,예약발매시스템 개량 ISMP 용역의 사업비는 얼마인가?,470백만원 (VAT 포함),예약발매시스템 개량 ISMP 용역의 사업비는 470백만원 (VAT포함)입니다.,1.0,budget,easy,15,2.202315092086792,5.517418146133423,7.719733238220215,False
V4_hybrid,0,doc_D,mixed,예약발매시스템 ISMP 사업기간은?,체결일로부터 5개월 이내,사업기간 : 체결일로부터 5개월 이내,1.0,schedule,easy,15,2.0601654052734375,5.562840223312378,7.623005628585815,False
V4_hybrid,0,doc_D,mixed,예약발매시스템 개량의 추진배경은?,"'15년 시스템 개선 후 '17년과 '20년에 하드웨어만 개량하여 노후화와 운용 효율 저하, IT운영센터 신축 및 SR 시스템 분리, MaaS·AI·빅데이터 등 산업 동향 대응 예약발매 플랫폼 전략 부재","나. 추진배경 및 필요성

1. (배경) 1 ’15년 시스템 개선 후 ’17년, ’20년에 하드웨어만 개량하여 노후화와 운용 효율 저하 2 IT운영센터 신축, SR 시스템 분리 3 MaaS·AI·빅데이터 등 산업 동향 대응 예약발매 플랫폼 전략 부재 4 「제4차 철도산업발전 기본계획」 고시(디지털 플랫폼 강화)",0.8076923076923077,technical,medium,15,2.0548202991485596,8.709347248077393,10.764167547225952,False
V4_hybrid,0,doc_D,mixed,예약발매시스템 ISMP의 제안서 평가방법은 어떤 장에서 다루고 있는가?,7장 제안안내사항의 나. 제안서 평가 방법(48페이지)과 다. 제안서 평가 기준(50페이지),"""5. 제안안내사항"" 장(나. 제안서 평가 방법)",0.5,evaluation,medium,15,1.9124410152435303,8.281213521957397,10.193654537200928,False
V4_hybrid,0,doc_D,mixed,예약발매시스템 ISMP에서 하자담보 책임기간은 어디에 규정되어 있는가?,9장 기타 사항의 가. 하자담보 책임기간(72페이지),"‘9. 기타 사항’의 ‘가. 하자담보 책임기간’에 규정되어 있습니다. 내용: ""하자담보 책임기간은 계약사업자는 본 사업이 종료한 날(사업에 대한 시험 및 검사를 수행하여 최종산출물을 인도한 날을 말함)로부터 1년으로 한다.""",0.6666666666666666,maintenance,hard,15,2.00107741355896,9.513519287109375,11.514596700668335,False
V4_hybrid,0,doc_D,mixed,예약발매시스템의 보안 준수사항에서 다루는 세부 항목은?,"공통사항, 용역사업 참여인원에 대한 보안관리, 자료에 대한 보안관리, 용역수행 관련 장비에 대한 보안관리, 내·외부망 접근에 대한 보안관리, 보안특약 조항","1 | 기관 소유 정보시스템의 내.외부IP주소 현황 | 
2 | 세부 정보시스템 구성현황 및 정보통신망 구성도 | 
3 | 사용자계정ᆞ비밀번호 등 정보시스템 접근권한 정보 | 
4 | 정보통신망 취약점 분석·평가 결과물 | 
5 | 용역사업 결과물 및 프로그램 소스코드 | 
6 | 국가용 보안시스템 및 정보보호시스템 도입 현황 | 
7 | 침입차단시스템ᆞ방지시스템(IPS)등 정보보호제품 및 라우터ᆞ스위치등 네트워크 장비 설정 정보 | 
8 | 「공공기관의 정보공개에 관한 법률」제9조제1항에 따라 비공개 대상 정보로 분류된 기관의 내부문서 | 
9 | 「개인정보보호법」제2조제1호의 개인정보 | 
10 | 「보안업무규정」제4조의 비밀 및 동 시행규칙 제7조제3항의 대외비 | 
11 | 그 밖에 각급기관의 장이 공개가 불가하다고 판단한 자료 |",0.05263157894736842,security,hard,15,1.8531982898712158,9.41134262084961,11.264540910720825,False
V4_hybrid,0,doc_E,hwp_representative,스포츠윤리센터 LMS 기능개선 사업의 소요예산은?,"금 46,445,000원(부가가치세 포함)","금 46,445,000원(부가가치세 포함)",1.0,budget,easy,15,2.6523146629333496,5.341644763946533,7.993959426879883,False
V4_hybrid,0,doc_E,hwp_representative,스포츠윤리센터 LMS 사업기간은?,계약 후 150일,스포츠윤리센터 LMS(학습지원시스템) 기능개선 사업기간은 계약 후 150일입니다.,1.0,schedule,easy,15,2.6776063442230225,5.330739974975586,8.008346319198608,False
V4_hybrid,0,doc_E,hwp_representative,스포츠윤리센터 LMS 기능개선의 추진배경 및 필요성은?,"학습자의 흥미도를 고려한 상호작용 형태의 교육콘텐츠 구현 필요, 현장교육 확대에 따라 자동화 강사파견 시스템 개발, 교육등록 체계·통계 등 현행 기능의 고도화 필요, 학습자 편의성·접근성 향상을 위한 LMS 기능개선","스포츠윤리센터 LMS(학습지원시스템) 기능개선의 추진배경 및 필요성은 다음과 같습니다.

□ 학습자의 흥미도를 고려한 상호작용 형태의 교육콘텐츠 구현 필요
□ 현장교육 확대에 따라 자동화 강사파견 시스템 개발
□ 교육등록 체계·통계 등 현행 기능의 고도화 필요
□ 학습자 편의성·접근성 향상을 위한 LMS(학습지원시스템) 기능개선",0.896551724137931,technical,medium,15,2.871058464050293,8.426819562911987,11.29787802696228,False
V4_hybrid,0,doc_E,hwp_representative,스포츠윤리센터 LMS 사업의 수요기관과 담당부서는?,수요기관은 스포츠윤리센터이며 담당부서는 정책실 교육정책팀,"수요기관: 스포츠윤리센터  
담당부서: 스포츠윤리센터 교육정책팀",0.2,general,easy,15,2.6461615562438965,7.031469821929932,9.677631378173828,False
V4_hybrid,0,doc_E,hwp_representative,스포츠윤리센터 LMS 사업의 사업추진방식은?,제한경쟁입찰(협상에 의한 계약),제한경쟁입찰(협상에 의한 계약),1.0,procurement,medium,15,2.481027126312256,5.644660234451294,8.12568736076355,False
V4_hybrid,0,doc_E,hwp_representative,스포츠윤리센터 LMS 제안서 평가방식과 평가기준은 몇 장에서 다루는가?,Ⅶ장 제안서 평가방법에서 다루며 1. 제안서 평가방식(47p)과 2. 제안서 기술 평가 기준(47p)에 상세 기술,"제안서 평가방식과 평가기준은 ""VII.제안서 평가방법""에서 다룹니다.",0.2857142857142857,evaluation,hard,15,2.623633623123169,6.554706573486328,9.178340196609497,False
V4_hybrid,1,doc_A,text_only,본 사업의 사업명은 무엇인가?,수협중앙회 수산물 사이버직매장 재구축 ISMP수립 용역,수협중앙회 수산물 사이버직매장 재구축 ISMP 수립 용역,0.8333333333333334,general,easy,15,1.764437198638916,7.123624324798584,8.8880615234375,False
V4_hybrid,1,doc_A,text_only,사업기간은 어떻게 되는가?,계약일로부터 4월(120일),□ 사업기간 : 계약일로부터 4월(120일) * 사업기간은 협의에 의해 조정할 수 있음,1.0,schedule,easy,15,1.7399554252624512,7.640727281570435,9.380682706832886,False
V4_hybrid,1,doc_A,text_only,사업예산은 얼마인가?,300백만원(V.A.T. 포함),"4,800 내외",0.0,budget,easy,15,1.7784042358398438,5.2907562255859375,7.069160461425781,False
V4_hybrid,1,doc_A,text_only,입찰방식 및 계약방법은 무엇인가?,제한경쟁입찰(협상에 의한 계약),입찰방식 및 방법은 제한경쟁입찰(협상에 의한 계약)입니다.,1.0,procurement,easy,15,1.593900203704834,5.7042107582092285,7.2981109619140625,False
V4_hybrid,1,doc_A,text_only,現 수산물 사이버직매장 시스템의 주요 문제점은 무엇인가?,"시스템 노후화(2015년 구축)로 인한 장애위험 증가 및 유지관리 한계, 보안정책 과다 적용 및 스위치 대역폭 부족, SSF(회계) 및 수협은행 등 내부 시스템 간 미연동에 따른 불필요한 행정업무 과다 발생","문맥에 따르면 現 수산물 사이버직매장 시스템의 주요 문제점은 다음과 같습니다.

- 現 시스템 노후화(2015년 구축)로 인한 장애위험 증가 및 유지관리 한계  
  * 수산물 사이버직매장 시스템을 구성하는 H/W(Server, Storage, 네트워크 장비 등), SW(OS, DBMS등)의 내용연수 경과 및 EOS(End Of Service) 상태

- 신용(금융)사업 네트워크 환경을 공유함으로써 발생하는 보안정책 과다 적용 및 스위치 대역폭* 부족 문제에 대한 개선 필요  
  * 스위치 대역폭은 1GB이며, 실가능 대역폭은 300MB 수준

- SSF(회계) 및 수협은행 등 내부 시스템 간 미연동에 따른 불필요한 행정업무 과다 발생

- 플랫폼 사용자 측면 문제  
  * (소비자) 최신 디지털 기술을 앞세운 온라인 유통 플랫폼의 등장으로 더욱 편하고 빠른 온라인 쇼핑 환경에 대한 기대치 상승  
  * (운영자) 이용자 확대에 따른 서비스 운영방식 개선 등 수요자의 요구에 신속한 대응을 위한 업무 프로세스 재설계 필요  
    - B2C, B2B 각 채널의 분절적 운영으로 단순·반복 업무 과다발생에 따른 업무효율 저하  
    - Sh인스토어, 기프트몰, 임직원복지몰 등 채널별 경쟁력 확보를 위한 운영방식 및 업무 프로세스 재검토 필요  
    - 다양한 디지털 마케팅 기술 활용 불가로 고객 증대 및 유지 한계  
  * (판매자) 플랫폼 입점부터 상품 마케팅·판매·정산이 용이한 이커머스플랫폼에 대한 선호도 증가  
    - 판매자의 입점과 상품 판매가 용이한 플랫폼 환경  
    - 산재적으로 개별 운영하는 회원조합 온라인몰에 대한 통합 방안 필요",0.9166666666666666,technical,medium,15,2.429744005203247,20.453146934509277,22.882890939712524,False
V4_hybrid,1,doc_A,text_only,기존 수산물 사이버직매장 총 사업비와 추진 단계는 어떻게 되었는가?,"총 사업비 2,996백만원(자담 50%, 국고보조 50%), 1단계('14.6월~'15.5월)와 2단계('15.6월~'15.12월)로 추진","총 사업비는 2,996백만원(자담 50%, 국고보조 50%)이며, 사업기간은 1단계(‘14. 6월 ~ ‘15. 5월), 2단계(‘15. 6월 ~ ‘15. 12월)로 추진되었다.",0.625,budget,medium,15,1.9388928413391113,8.332607746124268,10.271500587463379,False
V4_hybrid,1,doc_B,table_simple,국가교육과정정보센터(NCIC) 시스템 운영 및 개선 사업의 사업기간은?,계약체결일 ~ 2024.11.15.(금),계약체결일~ 2024.11.15.(금),1.0,schedule,easy,15,1.74015212059021,9.114969968795776,10.855122089385986,False
V4_hybrid,1,doc_B,table_simple,NCIC 사업의 사업금액은 얼마인가?,"50,000,000원 (VAT 포함)","50,000,000원 (VAT포함)",1.0,budget,easy,15,1.9968245029449463,4.3273375034332275,6.324162006378174,False
V4_hybrid,1,doc_B,table_simple,NCIC 사업에서 고도화 내용으로 요구하는 항목들은 무엇인가?,"국가교육과정 관련 정보의 표준화 및 체계화, 사용자 편의성(UI/UX)를 고려한 웹사이트 전면 개편, 설문조사 시스템의 장기적 활용을 위한 데이터 누적관리 체계 구축, 사용자 로그인 및 관리 기능 신규 개발, 접속자 통계 기록 및 데이터 추출 기능 신규 개발","고도화 내용
1 현재 탑재되어 있는 국가교육과정 관련 정보의 표준화 및 체계화
2 사용자 편의성(UI/UX)를 고려한 웹사이트 전면 개편
3 현행 설문조사 시스템의 장기적 활용을 위한 데이터 누적관리 체계 구축
4 사용자 로그인 및 관리 기능 신규 개발
5 국가교육과정정보센터 접속자 통계 기록 및 데이터 추출 기능 신규 개발",0.8823529411764706,technical,medium,15,1.936910629272461,7.554407358169556,9.491317987442017,False
V4_hybrid,1,doc_B,table_simple,NCIC 사업의 유지보수 내용은 무엇인가?,"웹사이트 운영 상 장애가 발생하지 않도록 점검 및 유지보수(WEB, WAS, DB 등), 사용자 요청에 따라 웹페이지 수정(게시판 추가, 배너 수정 등)","유지보수 내용은 다음과 같습니다.

1 웹사이트 운영 상 장애가 발생하지 않도록 점검 및 유지보수(WEB, WAS, DB 등)  
2 사용자 요청에 따라 웹페이지 수정(게시판 추가, 배너 수정 등)",0.9473684210526315,technical,medium,15,1.8830091953277588,5.462591648101807,7.345600843429565,False
V4_hybrid,1,doc_B,table_simple,NCIC 사업의 추진 목표는 무엇인가?,국가교육과정 환경에 적합한 최신 기술을 도입하여 데이터를 체계적으로 관리하고 시스템의 안정적 확산을 위한 기반 마련,추진 목표: 국가교육과정 환경에 적합한 최신 기술을 도입하여 데이터를 체계적으로 관리하고 시스템의 안정적 확산을 위한 기반 마련,1.0,general,easy,15,1.6445229053497314,6.057550430297852,7.702073335647583,False
V4_hybrid,1,doc_B,table_simple,NCIC 사업의 관련 법규는 무엇인가?,국가를 당사자로 하는 계약에 관한 법률 시행령 제43조 및 제43조의 2,국가를 당사자로 하는 계약에 관한 법률 시행령 제43조 및 제43조의 2,1.0,compliance,hard,15,1.8236894607543945,5.525329351425171,7.349018812179565,False
V4_hybrid,1,doc_C,table_complex,차세대 응급의료 상황관리시스템 구축 사업의 사업예산은 얼마인가?,"금일십사억원정(￦1,400,000,000원, VAT 포함)","다. 사업예산 : 금일십사억원정 (₩1,400,000,000원, VAT포함)",0.5,budget,easy,15,1.687049388885498,5.246563911437988,6.933613300323486,False
V4_hybrid,1,doc_C,table_complex,차세대 응급의료 상황관리시스템의 사업기간은?,계약일로부터 2024년 12월 31일까지,계약일로부터 2024년 12월 31일까지,1.0,schedule,easy,15,1.9176592826843262,5.246708631515503,7.164367914199829,False
V4_hybrid,1,doc_C,table_complex,응급의료 상황관리시스템 구축의 추진배경에서 전원(병원간 이송) 관련 문제점은?,"중증응급환자의 전원 수용병원 결정을 위해 수차례의 수용 요청이 필요하며 평균 9.3개의 의료기관에 전원의뢰, 지역응급의료기관 등 당직의사 1명인 곳에서는 전원 섭외 중 환자 진료가 불가능하고 섭외 시간만큼 환자 치료가 지연","- 병원간 이송(이하 “전원”)이 현 응급의료에서 가장 취약한 영역.  
- 응급실로 내원 중증환자(KTAS 1,2)의 13.5%(‘22년 기준)가 전원을 하고 있는 실정.  
- 중증응급환자의 전원 수용병원 결정을 위해 수차례의 수용 요청이 필요(‘22년 중앙응급의료상황실 자료에 따르면 평균 9.3개의 의료기관에 전원의뢰).  
- 지역응급의료기관 등 당직의사가 1명에 불과한 곳에서는 전원 섭외 중 환자 진료가 불가능하고 섭외 시간만큼 환자 치료가 지연.  
- 응급실 뺑뺑이 사건 등 병원 전 단계에서 치료 가능한 응급실 섭외 지연 문제 발생.  
- ’12년 응급상담의 119 이전 이후, 소방 구급상황관리센터에서 전원 업무 수행중이나, 일선에서는 비 작동: 비 의료조직인 소방에 의한 전원 조정에 대한 응급의료기관의 정서적 거부감 및 잦은 인사이동으로 인한 소방의 전문성 결여.",0.8888888888888888,technical,medium,15,2.20998477935791,21.110174655914307,23.320159435272217,False
V4_hybrid,1,doc_C,table_complex,응급의료 상황관리시스템의 예산코드는 무엇인가?,29. 중앙응급의료센터 운영지원-관리운영비-외주용역비-광역상황실,29. 중앙응급의료센터 운영지원-관리운영비-외주용역비-광역상황실,1.0,budget,hard,15,1.5853817462921143,4.838782548904419,6.424164295196533,False
V4_hybrid,1,doc_C,table_complex,기존 응급의료 상황관리시스템은 언제 최초 구축되었는가?,'18년에 재난응급의료상황 접수시스템으로 최초 구축,‘18년 재난응급의료상황 접수시스템 최초 구축,0.6,schedule,medium,15,1.864516019821167,5.0386950969696045,6.9032111167907715,False
V4_hybrid,1,doc_C,table_complex,응급의료 시스템 구축에서 광역상황실 설치 결정의 근거는?,제4차 응급의료기본계획('23.3)과 응급의료긴급대책 당정협의('23.5),제4차 응급의료기본계획('23.3)과 응급의료긴급대책 당정협의('23.5)에 따라 광역응급의료상황실 설치 결정,1.0,compliance,hard,15,1.821681261062622,7.393351078033447,9.21503233909607,False
V4_hybrid,1,doc_D,mixed,예약발매시스템 개량 ISMP 용역의 사업비는 얼마인가?,470백만원 (VAT 포함),470백만원 (VAT포함),1.0,budget,easy,15,2.174583911895752,4.2824342250823975,6.457018136978149,False
V4_hybrid,1,doc_D,mixed,예약발매시스템 ISMP 사업기간은?,체결일로부터 5개월 이내,체결일로부터 5개월 이내,1.0,schedule,easy,15,2.030508041381836,5.864656448364258,7.895164489746094,False
V4_hybrid,1,doc_D,mixed,예약발매시스템 개량의 추진배경은?,"'15년 시스템 개선 후 '17년과 '20년에 하드웨어만 개량하여 노후화와 운용 효율 저하, IT운영센터 신축 및 SR 시스템 분리, MaaS·AI·빅데이터 등 산업 동향 대응 예약발매 플랫폼 전략 부재","1. ’15년 시스템 개선 후 ’17년, ’20년에 하드웨어만 개량하여 노후화와 운용 효율 저하
2. IT운영센터 신축, SR 시스템 분리
3. MaaS·AI·빅데이터 등 산업 동향 대응 예약발매 플랫폼 전략 부재
4. 「제4차 철도산업발전 기본계획」 고시(디지털 플랫폼 강화)",0.8076923076923077,technical,medium,15,2.163017988204956,9.072017431259155,11.235035419464111,False
V4_hybrid,1,doc_D,mixed,예약발매시스템 ISMP의 제안서 평가방법은 어떤 장에서 다루고 있는가?,7장 제안안내사항의 나. 제안서 평가 방법(48페이지)과 다. 제안서 평가 기준(50페이지),"제안안내사항의 ""나. 제안서 평가 방법""(48) 장에 다루고 있습니다.",0.7,evaluation,medium,15,2.000164747238159,11.965428113937378,13.965592861175537,False
V4_hybrid,1,doc_D,mixed,예약발매시스템 ISMP에서 하자담보 책임기간은 어디에 규정되어 있는가?,9장 기타 사항의 가. 하자담보 책임기간(72페이지),'9. 기타 사항'의 '가. 하자담보 책임기간'에 규정되어 있습니다.,0.5,maintenance,hard,15,2.0927834510803223,7.610388517379761,9.703171968460083,False
V4_hybrid,1,doc_D,mixed,예약발매시스템의 보안 준수사항에서 다루는 세부 항목은?,"공통사항, 용역사업 참여인원에 대한 보안관리, 자료에 대한 보안관리, 용역수행 관련 장비에 대한 보안관리, 내·외부망 접근에 대한 보안관리, 보안특약 조항","1 기관 소유 정보시스템의 내.외부IP주소 현황
2 세부 정보시스템 구성현황 및 정보통신망 구성도
3 사용자계정ᆞ비밀번호 등 정보시스템 접근권한 정보
4 정보통신망 취약점 분석·평가 결과물
5 용역사업 결과물 및 프로그램 소스코드
6 국가용 보안시스템 및 정보보호시스템 도입 현황
7 침입차단시스템ᆞ방지시스템(IPS)등 정보보호제품 및 라우터ᆞ스위치등 네트워크 장비 설정 정보
8 「공공기관의 정보공개에 관한 법률」제9조제1항에 따라 비공개 대상 정보로 분류된 기관의 내부문서
9 「개인정보보호법」제2조제1호의 개인정보
10 「보안업무규정」제4조의 비밀 및 동 시행규칙 제7조제3항의 대외비
11 그 밖에 각급기관의 장이 공개가 불가하다고 판단한 자료",0.05263157894736842,security,hard,15,1.773939847946167,15.121364116668701,16.895303964614868,False
V4_hybrid,1,doc_E,hwp_representative,스포츠윤리센터 LMS 기능개선 사업의 소요예산은?,"금 46,445,000원(부가가치세 포함)","□ 소요예산 : 금 46,445,000원(부가가치세 포함)",1.0,budget,easy,15,2.7546865940093994,4.449226379394531,7.203912973403931,False
V4_hybrid,1,doc_E,hwp_representative,스포츠윤리센터 LMS 사업기간은?,계약 후 150일,계약 후 150일,1.0,schedule,easy,15,2.742588996887207,2.9042842388153076,5.646873235702515,False
V4_hybrid,1,doc_E,hwp_representative,스포츠윤리센터 LMS 기능개선의 추진배경 및 필요성은?,"학습자의 흥미도를 고려한 상호작용 형태의 교육콘텐츠 구현 필요, 현장교육 확대에 따라 자동화 강사파견 시스템 개발, 교육등록 체계·통계 등 현행 기능의 고도화 필요, 학습자 편의성·접근성 향상을 위한 LMS 기능개선","스포츠윤리센터 LMS(학습지원시스템) 기능개선의 추진배경 및 필요성은:

□ 학습자의 흥미도를 고려한 상호작용 형태의 교육콘텐츠 구현 필요
□ 현장교육 확대에 따라 자동화 강사파견 시스템 개발
□ 교육등록 체계·통계 등 현행 기능의 고도화 필요
□ 학습자 편의성·접근성 향상을 위한 LMS(학습지원시스템) 기능개선",0.896551724137931,technical,medium,15,2.2962968349456787,8.209922552108765,10.506219387054443,False
V4_hybrid,1,doc_E,hwp_representative,스포츠윤리센터 LMS 사업의 수요기관과 담당부서는?,수요기관은 스포츠윤리센터이며 담당부서는 정책실 교육정책팀,"수요기관 : 스포츠윤리센터
문의처: 스포츠윤리센터 교육정책팀",0.2,general,easy,15,2.69608736038208,6.895975351333618,9.592062711715698,False
V4_hybrid,1,doc_E,hwp_representative,스포츠윤리센터 LMS 사업의 사업추진방식은?,제한경쟁입찰(협상에 의한 계약),제한경쟁입찰(협상에 의한 계약),1.0,procurement,medium,15,2.548126220703125,3.5952227115631104,6.143348932266235,False
V4_hybrid,1,doc_E,hwp_representative,스포츠윤리센터 LMS 제안서 평가방식과 평가기준은 몇 장에서 다루는가?,Ⅶ장 제안서 평가방법에서 다루며 1. 제안서 평가방식(47p)과 2. 제안서 기술 평가 기준(47p)에 상세 기술,"""VII.제안서 평가방법""",0.2857142857142857,evaluation,hard,15,2.7082297801971436,6.323529005050659,9.031758785247803,False
V4_hybrid,2,doc_A,text_only,본 사업의 사업명은 무엇인가?,수협중앙회 수산물 사이버직매장 재구축 ISMP수립 용역,수협중앙회 수산물 사이버직매장 재구축 ISMP 수립 용역,0.8333333333333334,general,easy,15,1.7680399417877197,6.9843223094940186,8.752362251281738,False
V4_hybrid,2,doc_A,text_only,사업기간은 어떻게 되는가?,계약일로부터 4월(120일),□ 사업기간 : 계약일로부터 4월(120일) * 사업기간은 협의에 의해 조정할 수 있음,1.0,schedule,easy,15,1.684278964996338,5.9565229415893555,7.640801906585693,False
V4_hybrid,2,doc_A,text_only,사업예산은 얼마인가?,300백만원(V.A.T. 포함),"4,800 내외",0.0,budget,easy,15,1.8635575771331787,5.814413785934448,7.677971363067627,False
V4_hybrid,2,doc_A,text_only,입찰방식 및 계약방법은 무엇인가?,제한경쟁입찰(협상에 의한 계약),입찰방식 및 방법 : 제한경쟁입찰(협상에 의한 계약),1.0,procurement,easy,15,1.6211247444152832,6.993506908416748,8.614631652832031,False
V4_hybrid,2,doc_A,text_only,現 수산물 사이버직매장 시스템의 주요 문제점은 무엇인가?,"시스템 노후화(2015년 구축)로 인한 장애위험 증가 및 유지관리 한계, 보안정책 과다 적용 및 스위치 대역폭 부족, SSF(회계) 및 수협은행 등 내부 시스템 간 미연동에 따른 불필요한 행정업무 과다 발생","다음과 같습니다.

- 現 시스템 노후화(2015년 구축)로 인한 장애위험 증가 및 유지관리 한계  
- 수산물 사이버직매장 시스템을 구성하는 H/W(Server, Storage, 네트워크 장비 등), SW(OS, DBMS등)의 내용연수 경과 및 EOS(End Of Service) 상태  
- 신용(금융)사업 네트워크 환경을 공유함으로써 발생하는 보안정책 과다 적용 및 스위치 대역폭 부족 문제  
  - 스위치 대역폭은 1GB이며, 실가능 대역폭은 300MB 수준  
- SSF(회계) 및 수협은행 등 내부 시스템 간 미연동에 따른 불필요한 행정업무 과다 발생  
- (플랫폼 사용자 측면) 최신 디지털 기술을 앞세운 온라인 유통 플랫폼의 등장으로 더욱 편하고 빠른 온라인 쇼핑 환경에 대한 기대치 상승  
- (운영자 측면) 이용자 확대에 따른 서비스 운영방식 개선 등 수요자의 요구에 신속한 대응을 위한 업무 프로세스 재설계 필요  
  - B2C, B2B 각 채널의 분절적 운영으로 단순·반복 업무 과다발생에 따른 업무효율 저하  
  - Sh인스토어, 기프트몰, 임직원복지몰 등 채널별 경쟁력 확보를 위한 운영방식 및 업무 프로세스 재검토 필요  
  - 다양한 디지털 마케팅 기술 활용 불가로 고객 증대 및 유지 한계  
- (판매자 측면) 플랫폼 입점부터 상품 마케팅·판매·정산이 용이한 이커머스플랫폼에 대한 선호도 증가 및 산재적으로 개별 운영하는 회원조합 온라인몰에 대한 통합 방안 필요",0.9166666666666666,technical,medium,15,1.9288601875305176,13.862279891967773,15.791140079498291,False
V4_hybrid,2,doc_A,text_only,기존 수산물 사이버직매장 총 사업비와 추진 단계는 어떻게 되었는가?,"총 사업비 2,996백만원(자담 50%, 국고보조 50%), 1단계('14.6월~'15.5월)와 2단계('15.6월~'15.12월)로 추진","총 사업비 : 2,996백만원(자담 50%, 국고보조 50%)
사업기간(추진 단계) : 1단계(‘14. 6월 ~ ‘15. 5월), 2단계(‘15. 6월 ~ ‘15. 12월)",0.625,budget,medium,15,1.9419591426849365,5.794301986694336,7.7362611293792725,False
V4_hybrid,2,doc_B,table_simple,국가교육과정정보센터(NCIC) 시스템 운영 및 개선 사업의 사업기간은?,계약체결일 ~ 2024.11.15.(금),계약체결일~ 2024.11.15.(금),1.0,schedule,easy,15,1.6829626560211182,7.5261759757995605,9.209138631820679,False
V4_hybrid,2,doc_B,table_simple,NCIC 사업의 사업금액은 얼마인가?,"50,000,000원 (VAT 포함)","사업금액 : 50,000,000원 (VAT포함)",1.0,budget,easy,15,2.013117790222168,3.1377735137939453,5.150891304016113,False
V4_hybrid,2,doc_B,table_simple,NCIC 사업에서 고도화 내용으로 요구하는 항목들은 무엇인가?,"국가교육과정 관련 정보의 표준화 및 체계화, 사용자 편의성(UI/UX)를 고려한 웹사이트 전면 개편, 설문조사 시스템의 장기적 활용을 위한 데이터 누적관리 체계 구축, 사용자 로그인 및 관리 기능 신규 개발, 접속자 통계 기록 및 데이터 추출 기능 신규 개발","고도화 내용
1 현재 탑재되어 있는 국가교육과정 관련 정보의 표준화 및 체계화
2 사용자 편의성(UI/UX)를 고려한 웹사이트 전면 개편
3 현행 설문조사 시스템의 장기적 활용을 위한 데이터 누적관리 체계 구축
4 사용자 로그인 및 관리 기능 신규 개발
5 국가교육과정정보센터 접속자 통계 기록 및 데이터 추출 기능 신규 개발",0.8823529411764706,technical,medium,15,1.9143872261047363,8.168095827102661,10.082483053207397,False
V4_hybrid,2,doc_B,table_simple,NCIC 사업의 유지보수 내용은 무엇인가?,"웹사이트 운영 상 장애가 발생하지 않도록 점검 및 유지보수(WEB, WAS, DB 등), 사용자 요청에 따라 웹페이지 수정(게시판 추가, 배너 수정 등)","유지보수 내용
1 웹사이트 운영 상 장애가 발생하지 않도록 점검 및 유지보수(WEB, WAS, DB 등)
2 사용자 요청에 따라 웹페이지 수정(게시판 추가, 배너 수정 등)",0.9473684210526315,technical,medium,15,1.902200698852539,6.478874683380127,8.381075382232666,False
V4_hybrid,2,doc_B,table_simple,NCIC 사업의 추진 목표는 무엇인가?,국가교육과정 환경에 적합한 최신 기술을 도입하여 데이터를 체계적으로 관리하고 시스템의 안정적 확산을 위한 기반 마련,❍ 추진 목표: 국가교육과정 환경에 적합한 최신 기술을 도입하여 데이터를 체계적으로 관리하고 시스템의 안정적 확산을 위한 기반 마련,1.0,general,easy,15,1.6089742183685303,8.291788816452026,9.900763034820557,False
V4_hybrid,2,doc_B,table_simple,NCIC 사업의 관련 법규는 무엇인가?,국가를 당사자로 하는 계약에 관한 법률 시행령 제43조 및 제43조의 2,국가를 당사자로 하는 계약에 관한 법률 시행령 제43조 및 제43조의 2,1.0,compliance,hard,15,1.9983108043670654,4.893085479736328,6.8913962841033936,False
V4_hybrid,2,doc_C,table_complex,차세대 응급의료 상황관리시스템 구축 사업의 사업예산은 얼마인가?,"금일십사억원정(￦1,400,000,000원, VAT 포함)","다. 사업예산 : 금일십사억원정 (₩1,400,000,000원, VAT포함)",0.5,budget,easy,15,1.7199969291687012,6.9957616329193115,8.715758562088013,False
V4_hybrid,2,doc_C,table_complex,차세대 응급의료 상황관리시스템의 사업기간은?,계약일로부터 2024년 12월 31일까지,계약일로부터 2024년 12월 31일까지,1.0,schedule,easy,15,1.9744186401367188,4.168155908584595,6.1425745487213135,False
V4_hybrid,2,doc_C,table_complex,응급의료 상황관리시스템 구축의 추진배경에서 전원(병원간 이송) 관련 문제점은?,"중증응급환자의 전원 수용병원 결정을 위해 수차례의 수용 요청이 필요하며 평균 9.3개의 의료기관에 전원의뢰, 지역응급의료기관 등 당직의사 1명인 곳에서는 전원 섭외 중 환자 진료가 불가능하고 섭외 시간만큼 환자 치료가 지연","- 병원간 이송(이하 “전원”)이 현 응급의료에서 가장 취약한 영역  
  - ""응급실로 내원 중증환자(KTAS 1,2)의 13.5%(‘22년 기준)가 전원을 하고 있는 실정""  
  - ""중증응급환자의 전원 수용병원 결정을 위해 수차례의 수용 요청이 필요(‘22년 중앙응급의료상황실 자료에 따르면 평균 9.3개의 의료기관에 전원의뢰)""  
  - ""응급실 뺑뺑이 사건 등 병원 전 단계에서 치료 가능한 응급실 섭외 지연 문제 발생""  
  - ""지역응급의료기관 등 당직의사가 1명에 불과한 곳에서는 전원 섭외 중 환자 진료가 불가능하고 섭외 시간만큼 환자 치료가 지연""  
  - ""'12년 응급상담의 119 이전 이후, 소방 구급상황관리센터에서 전원 업무 수행중이나, 일선에서는 비 작동""  
    - ""비 의료조직인 소방에 의한 전원 조정에 대한 응급의료기관의 정서적 거부감""  
    - ""잦은 인사이동으로 인한 소방의 전문성 결여""",0.8888888888888888,technical,medium,15,2.0929508209228516,18.22372055053711,20.31667137145996,False
V4_hybrid,2,doc_C,table_complex,응급의료 상황관리시스템의 예산코드는 무엇인가?,29. 중앙응급의료센터 운영지원-관리운영비-외주용역비-광역상황실,29. 중앙응급의료센터 운영지원-관리운영비-외주용역비-광역상황실,1.0,budget,hard,15,1.6617395877838135,4.094139099121094,5.755878686904907,False
V4_hybrid,2,doc_C,table_complex,기존 응급의료 상황관리시스템은 언제 최초 구축되었는가?,'18년에 재난응급의료상황 접수시스템으로 최초 구축,‘18년 재난응급의료상황 접수시스템 최초 구축,0.6,schedule,medium,15,1.9872112274169922,7.344955682754517,9.332166910171509,False
V4_hybrid,2,doc_C,table_complex,응급의료 시스템 구축에서 광역상황실 설치 결정의 근거는?,제4차 응급의료기본계획('23.3)과 응급의료긴급대책 당정협의('23.5),라. 제4차 응급의료기본계획(‘23.3)과 응급의료긴급대책 당정협의(‘23.5)에 따라 광역응급의료상황실 설치 결정,0.5,compliance,hard,15,1.7484135627746582,5.659470558166504,7.407884120941162,False
V4_hybrid,2,doc_D,mixed,예약발매시스템 개량 ISMP 용역의 사업비는 얼마인가?,470백만원 (VAT 포함),예약발매시스템 개량 ISMP 용역의 사업비는 470백만원 (VAT포함)입니다.,1.0,budget,easy,15,2.0713138580322266,4.739717721939087,6.8110315799713135,False
V4_hybrid,2,doc_D,mixed,예약발매시스템 ISMP 사업기간은?,체결일로부터 5개월 이내,사업기간 : 체결일로부터 5개월 이내,1.0,schedule,easy,15,2.002713918685913,8.522703647613525,10.525417566299438,False
V4_hybrid,2,doc_D,mixed,예약발매시스템 개량의 추진배경은?,"'15년 시스템 개선 후 '17년과 '20년에 하드웨어만 개량하여 노후화와 운용 효율 저하, IT운영센터 신축 및 SR 시스템 분리, MaaS·AI·빅데이터 등 산업 동향 대응 예약발매 플랫폼 전략 부재","1. (배경) 1 ’15년 시스템 개선 후 ’17년, ’20년에 하드웨어만 개량하여 노후화와 운용 효율 저하 2 IT운영센터 신축, SR 시스템 분리 3 MaaS·AI·빅데이터 등 산업 동향 대응 예약발매 플랫폼 전략 부재 4 「제4차 철도산업발전 기본계획」 고시(디지털 플랫폼 강화)",0.8076923076923077,technical,medium,15,2.1236250400543213,7.078012704849243,9.201637744903564,False
V4_hybrid,2,doc_D,mixed,예약발매시스템 ISMP의 제안서 평가방법은 어떤 장에서 다루고 있는가?,7장 제안안내사항의 나. 제안서 평가 방법(48페이지)과 다. 제안서 평가 기준(50페이지),"""7. 제안안내사항""의 ""나. 제안서 평가 방법""에서 다루고 있습니다.",0.6,evaluation,medium,15,1.9433221817016602,7.5003156661987305,9.44363784790039,False
V4_hybrid,2,doc_D,mixed,예약발매시스템 ISMP에서 하자담보 책임기간은 어디에 규정되어 있는가?,9장 기타 사항의 가. 하자담보 책임기간(72페이지),"제안요청서의 ""9. 기타 사항"" 72의 ""가. 하자담보 책임기간""에 규정되어 있다.",0.5,maintenance,hard,15,1.99051833152771,7.755950689315796,9.746469020843506,False
V4_hybrid,2,doc_D,mixed,예약발매시스템의 보안 준수사항에서 다루는 세부 항목은?,"공통사항, 용역사업 참여인원에 대한 보안관리, 자료에 대한 보안관리, 용역수행 관련 장비에 대한 보안관리, 내·외부망 접근에 대한 보안관리, 보안특약 조항","해당 문맥에 따르면 보안 준수사항에서 다루는 세부 항목은 다음과 같습니다.

1. 기관 소유 정보시스템의 내.외부IP주소 현황  
2. 세부 정보시스템 구성현황 및 정보통신망 구성도  
3. 사용자계정ᆞ비밀번호 등 정보시스템 접근권한 정보  
4. 정보통신망 취약점 분석·평가 결과물  
5. 용역사업 결과물 및 프로그램 소스코드  
6. 국가용 보안시스템 및 정보보호시스템 도입 현황  
7. 침입차단시스템ᆞ방지시스템(IPS)등 정보보호제품 및 라우터ᆞ스위치등 네트워크 장비 설정 정보  
8. 「공공기관의 정보공개에 관한 법률」제9조제1항에 따라 비공개 대상 정보로 분류된 기관의 내부문서  
9. 「개인정보보호법」제2조제1호의 개인정보  
10. 「보안업무규정」제4조의 비밀 및 동 시행규칙 제7조제3항의 대외비  
11. 그 밖에 각급기관의 장이 공개가 불가하다고 판단한 자료",0.05263157894736842,security,hard,15,1.8215796947479248,14.37184762954712,16.193427324295044,False
V4_hybrid,2,doc_E,hwp_representative,스포츠윤리센터 LMS 기능개선 사업의 소요예산은?,"금 46,445,000원(부가가치세 포함)","□ 소요예산 : 금 46,445,000원(부가가치세 포함)",1.0,budget,easy,15,2.701700448989868,10.866150617599487,13.567851066589355,False
V4_hybrid,2,doc_E,hwp_representative,스포츠윤리센터 LMS 사업기간은?,계약 후 150일,계약 후 150일,1.0,schedule,easy,15,2.7653820514678955,3.5064101219177246,6.27179217338562,False
V4_hybrid,2,doc_E,hwp_representative,스포츠윤리센터 LMS 기능개선의 추진배경 및 필요성은?,"학습자의 흥미도를 고려한 상호작용 형태의 교육콘텐츠 구현 필요, 현장교육 확대에 따라 자동화 강사파견 시스템 개발, 교육등록 체계·통계 등 현행 기능의 고도화 필요, 학습자 편의성·접근성 향상을 위한 LMS 기능개선","□ 학습자의 흥미도를 고려한 상호작용 형태의 교육콘텐츠 구현 필요
□ 현장교육 확대에 따라 자동화 강사파견 시스템 개발
□ 교육등록 체계·통계 등 현행 기능의 고도화 필요
□ 학습자 편의성·접근성 향상을 위한 LMS(학습지원시스템) 기능개선",0.896551724137931,technical,medium,15,2.4313395023345947,7.5949671268463135,10.026306629180908,False
V4_hybrid,2,doc_E,hwp_representative,스포츠윤리센터 LMS 사업의 수요기관과 담당부서는?,수요기관은 스포츠윤리센터이며 담당부서는 정책실 교육정책팀,"수요기관 : 스포츠윤리센터  
담당부서 : 스포츠윤리센터 교육정책팀",0.2,general,easy,15,2.735452175140381,6.842132091522217,9.577584266662598,False
V4_hybrid,2,doc_E,hwp_representative,스포츠윤리센터 LMS 사업의 사업추진방식은?,제한경쟁입찰(협상에 의한 계약),제한경쟁입찰(협상에 의한 계약),1.0,procurement,medium,15,2.393533229827881,4.931689739227295,7.325222969055176,False
V4_hybrid,2,doc_E,hwp_representative,스포츠윤리센터 LMS 제안서 평가방식과 평가기준은 몇 장에서 다루는가?,Ⅶ장 제안서 평가방법에서 다루며 1. 제안서 평가방식(47p)과 2. 제안서 기술 평가 기준(47p)에 상세 기술,VII.제안서 평가방법,0.2857142857142857,evaluation,hard,15,2.5599584579467773,9.10036325454712,11.660321712493896,False
